Algoritmoa,Instantzia,Lortutako emaitzak
SS,159,"(0.26697696582458585, array([8, 5, 4, 5, 5, 2, 5, 6, 6, 4, 8, 2, 2, 4, 4, 8, 7, 9, 4, 7, 1, 7,
       2, 2, 2, 5, 3, 5, 9, 1, 3, 8, 8, 3, 4, 6, 6, 6, 6, 9, 9, 1, 7, 4,
       4, 4, 7, 3, 2, 8, 8, 5, 6, 4, 4, 2, 1, 3, 6, 6, 1, 5, 8, 5, 2, 9,
       2, 2, 2, 8, 7, 7, 3, 7, 2, 2, 5, 6, 3, 7, 7, 9, 6, 1, 4, 4, 6, 4,
       1, 1, 9, 9, 9, 5, 5, 6, 4]))","(0.25838613117130665, array([5, 2, 2, 2, 6, 6, 6, 6, 6, 5, 8, 9, 9, 1, 1, 1, 7, 5, 5, 2, 3, 9,
       5, 5, 4, 6, 5, 5, 3, 3, 6, 6, 8, 4, 5, 7, 7, 7, 1, 3, 3, 4, 2, 9,
       4, 9, 8, 8, 1, 3, 3, 4, 6, 1, 5, 8, 3, 4, 3, 8, 3, 6, 4, 5, 9, 6,
       2, 8, 5, 8, 1, 2, 3, 6, 5, 5, 1, 3, 1, 4, 7, 7, 8, 2, 9, 9, 6, 8,
       4, 5, 3, 3, 3, 3, 3, 6, 8]))","(0.30940427930951164, array([3, 7, 4, 6, 1, 1, 1, 8, 8, 4, 4, 2, 2, 4, 4, 9, 9, 6, 4, 7, 7, 3,
       1, 5, 9, 5, 5, 5, 5, 5, 3, 6, 2, 6, 6, 3, 7, 7, 9, 5, 5, 3, 3, 1,
       3, 3, 9, 6, 6, 2, 7, 8, 8, 4, 3, 3, 8, 5, 8, 5, 5, 5, 8, 1, 2, 9,
       9, 6, 6, 4, 3, 3, 5, 4, 5, 5, 9, 8, 1, 6, 3, 4, 1, 1, 1, 3, 8, 4,
       1, 7, 7, 1, 1, 1, 1, 8, 4]))","(0.19954226959112997, array([4, 6, 6, 1, 7, 1, 1, 5, 3, 6, 9, 9, 5, 3, 3, 8, 8, 8, 6, 1, 9, 9,
       7, 3, 3, 4, 3, 3, 4, 4, 2, 2, 9, 2, 3, 2, 1, 1, 6, 4, 4, 9, 9, 5,
       5, 5, 8, 3, 7, 4, 5, 5, 5, 6, 5, 1, 9, 4, 8, 7, 4, 2, 9, 1, 6, 5,
       2, 8, 5, 9, 6, 4, 4, 2, 3, 3, 2, 1, 2, 2, 2, 7, 2, 1, 5, 5, 3, 9,
       9, 9, 7, 7, 7, 9, 7, 3, 9]))","(0.34630459878117525, array([6, 8, 8, 8, 7, 7, 7, 1, 1, 6, 2, 3, 3, 6, 6, 3, 3, 5, 6, 4, 8, 3,
       5, 5, 3, 7, 2, 7, 5, 4, 4, 1, 2, 9, 1, 6, 8, 6, 2, 5, 5, 8, 8, 9,
       9, 9, 3, 7, 9, 3, 3, 1, 1, 6, 4, 4, 7, 7, 9, 4, 4, 7, 7, 6, 8, 3,
       3, 4, 4, 2, 5, 5, 5, 7, 2, 2, 3, 7, 5, 9, 6, 3, 4, 4, 9, 9, 1, 1,
       4, 4, 2, 2, 2, 2, 2, 1, 1]))","(0.21280437058712987, array([8, 1, 3, 1, 2, 4, 2, 5, 1, 2, 8, 9, 6, 2, 2, 3, 6, 2, 1, 7, 4, 1,
       1, 9, 1, 3, 9, 6, 2, 3, 1, 9, 8, 1, 1, 4, 4, 4, 3, 2, 6, 8, 5, 9,
       9, 9, 8, 8, 6, 6, 6, 9, 9, 7, 9, 6, 5, 3, 7, 3, 3, 8, 5, 7, 5, 6,
       2, 6, 4, 6, 1, 3, 2, 4, 9, 9, 8, 5, 6, 7, 1, 1, 5, 1, 8, 9, 5, 4,
       4, 4, 4, 4, 4, 4, 4, 5, 4]))","(0.33117667588391636, array([7, 7, 3, 7, 8, 8, 8, 5, 5, 3, 7, 6, 6, 3, 3, 6, 6, 3, 3, 7, 9, 5,
       8, 8, 2, 1, 1, 1, 3, 6, 1, 4, 7, 7, 2, 4, 2, 4, 6, 3, 3, 5, 5, 9,
       9, 9, 4, 4, 2, 6, 6, 9, 5, 3, 9, 1, 7, 1, 7, 6, 6, 1, 7, 7, 6, 6,
       6, 3, 3, 7, 1, 8, 3, 1, 5, 8, 6, 8, 6, 4, 4, 5, 4, 4, 4, 9, 5, 3,
       9, 9, 9, 9, 9, 9, 9, 4, 3]))","(0.20874721469032728, array([1, 1, 5, 2, 4, 7, 7, 3, 3, 5, 6, 6, 2, 5, 5, 3, 8, 7, 5, 3, 4, 6,
       1, 1, 1, 8, 1, 6, 9, 9, 6, 9, 4, 1, 9, 7, 7, 9, 6, 7, 7, 6, 2, 7,
       7, 3, 7, 7, 1, 9, 9, 5, 3, 5, 4, 9, 9, 8, 2, 9, 2, 2, 6, 9, 8, 8,
       8, 9, 7, 2, 5, 5, 9, 7, 8, 1, 8, 2, 5, 1, 1, 7, 4, 7, 3, 7, 3, 5,
       8, 8, 4, 6, 5, 4, 3, 3, 5]))","(0.14801404064538645, array([3, 9, 1, 6, 7, 3, 7, 8, 8, 4, 9, 6, 5, 4, 4, 1, 1, 7, 7, 5, 1, 9,
       7, 8, 6, 9, 4, 3, 2, 8, 6, 7, 5, 5, 7, 9, 2, 5, 3, 7, 6, 5, 4, 3,
       3, 3, 2, 6, 3, 4, 8, 5, 6, 5, 8, 4, 3, 3, 6, 3, 4, 9, 3, 3, 2, 5,
       9, 4, 8, 3, 1, 1, 2, 3, 3, 7, 1, 6, 8, 3, 9, 5, 6, 8, 3, 7, 5, 1,
       9, 6, 1, 1, 1, 1, 1, 8, 1]))","(0.2295162286235872, array([2, 6, 4, 6, 8, 5, 5, 9, 9, 4, 3, 1, 6, 4, 4, 7, 7, 2, 1, 1, 1, 1,
       2, 2, 2, 9, 7, 9, 4, 4, 4, 6, 1, 1, 5, 3, 3, 3, 4, 4, 9, 2, 1, 4,
       4, 4, 5, 6, 1, 6, 6, 2, 9, 5, 5, 4, 1, 1, 3, 4, 4, 2, 8, 5, 1, 7,
       7, 6, 6, 3, 8, 8, 4, 2, 5, 7, 7, 1, 6, 1, 2, 2, 2, 2, 9, 5, 9, 3,
       6, 6, 8, 8, 8, 1, 1, 9, 3]))","(0.13560431152514163, array([3, 7, 8, 5, 5, 3, 5, 9, 9, 8, 7, 4, 7, 8, 8, 1, 7, 5, 8, 5, 9, 2,
       1, 3, 3, 7, 3, 3, 2, 7, 8, 1, 1, 8, 4, 9, 3, 9, 7, 3, 3, 4, 4, 6,
       5, 5, 3, 6, 2, 7, 4, 7, 5, 8, 5, 4, 9, 4, 2, 2, 6, 1, 2, 5, 1, 5,
       5, 5, 5, 2, 2, 6, 8, 1, 3, 7, 7, 4, 1, 8, 6, 7, 4, 3, 9, 6, 7, 8,
       3, 9, 2, 6, 1, 6, 1, 9, 8]))","(0.32077706784074733, array([6, 3, 3, 3, 6, 8, 6, 9, 9, 7, 3, 5, 5, 7, 7, 5, 5, 7, 7, 3, 2, 5,
       4, 4, 4, 9, 6, 9, 7, 5, 5, 3, 3, 8, 3, 2, 2, 2, 9, 7, 7, 8, 5, 1,
       1, 1, 9, 9, 3, 9, 9, 3, 9, 7, 1, 1, 8, 9, 8, 1, 4, 1, 8, 6, 8, 5,
       5, 1, 1, 3, 3, 3, 7, 1, 4, 4, 4, 6, 6, 8, 6, 4, 4, 4, 1, 1, 9, 7,
       6, 6, 2, 2, 2, 2, 2, 9, 3]))","(0.1597559666031303, array([9, 5, 5, 8, 2, 3, 7, 8, 8, 2, 8, 8, 8, 6, 2, 1, 6, 9, 6, 2, 2, 4,
       4, 1, 4, 9, 3, 1, 3, 7, 6, 1, 9, 4, 9, 5, 1, 1, 1, 3, 3, 6, 6, 7,
       7, 3, 6, 2, 2, 9, 6, 5, 8, 4, 6, 6, 3, 1, 3, 7, 6, 2, 7, 9, 6, 6,
       4, 7, 4, 8, 9, 9, 5, 2, 4, 4, 5, 7, 5, 1, 5, 9, 4, 4, 3, 7, 8, 8,
       3, 2, 7, 2, 7, 7, 7, 8, 8]))","(0.2000859083465328, array([6, 5, 4, 5, 6, 3, 6, 8, 8, 3, 9, 5, 5, 3, 2, 5, 5, 1, 4, 2, 3, 6,
       2, 1, 2, 7, 1, 4, 1, 7, 7, 4, 9, 9, 1, 9, 9, 9, 2, 7, 7, 6, 2, 1,
       1, 1, 5, 5, 9, 1, 1, 8, 8, 3, 8, 8, 7, 3, 2, 8, 4, 7, 5, 6, 3, 3,
       5, 8, 8, 9, 4, 4, 7, 5, 6, 6, 4, 2, 9, 9, 9, 2, 6, 4, 1, 1, 5, 9,
       8, 8, 8, 8, 8, 8, 8, 8, 9]))","(0.3051256409568042, array([7, 5, 3, 5, 6, 7, 6, 5, 5, 3, 1, 9, 9, 3, 3, 6, 2, 8, 3, 4, 1, 9,
       2, 2, 4, 6, 9, 9, 8, 6, 6, 5, 5, 5, 8, 7, 6, 6, 6, 8, 8, 9, 9, 3,
       3, 3, 2, 2, 8, 9, 9, 5, 5, 3, 3, 7, 8, 6, 8, 8, 6, 7, 8, 9, 2, 9,
       2, 7, 6, 4, 3, 3, 8, 2, 2, 2, 1, 8, 6, 5, 4, 2, 2, 4, 3, 3, 5, 3,
       9, 1, 1, 1, 1, 9, 9, 5, 8]))","(0.33286799645628073, array([5, 1, 7, 1, 9, 9, 9, 8, 8, 7, 7, 2, 2, 7, 7, 4, 4, 6, 7, 1, 8, 5,
       6, 4, 6, 9, 4, 2, 6, 2, 2, 5, 1, 1, 5, 5, 2, 5, 2, 6, 6, 5, 5, 9,
       9, 9, 4, 3, 1, 5, 5, 8, 8, 7, 3, 2, 1, 1, 5, 5, 8, 9, 3, 5, 2, 3,
       4, 5, 5, 7, 3, 1, 6, 3, 4, 4, 3, 1, 4, 1, 5, 6, 3, 3, 9, 9, 8, 7,
       6, 6, 8, 8, 8, 8, 8, 8, 8]))","(0.20574713415125237, array([8, 3, 7, 3, 7, 7, 7, 2, 2, 1, 5, 1, 1, 1, 1, 3, 9, 8, 2, 7, 3, 3,
       3, 3, 5, 7, 3, 4, 8, 4, 4, 7, 7, 3, 7, 5, 5, 5, 6, 8, 7, 3, 6, 9,
       1, 1, 3, 8, 8, 8, 8, 5, 2, 6, 8, 9, 4, 4, 7, 9, 5, 7, 9, 8, 1, 9,
       9, 9, 1, 8, 9, 9, 8, 7, 3, 9, 5, 4, 6, 3, 7, 3, 7, 9, 9, 9, 2, 2,
       4, 3, 4, 3, 3, 3, 2, 2, 2]))","(0.2061565411151977, array([4, 7, 1, 7, 2, 5, 8, 5, 8, 1, 1, 9, 9, 1, 1, 3, 6, 7, 1, 7, 6, 4,
       7, 7, 9, 3, 4, 4, 3, 3, 2, 2, 3, 9, 3, 4, 5, 5, 2, 7, 7, 5, 5, 4,
       4, 4, 3, 7, 7, 2, 6, 4, 5, 1, 8, 2, 9, 6, 9, 3, 8, 9, 3, 6, 3, 7,
       6, 8, 1, 1, 1, 1, 7, 7, 8, 4, 3, 8, 4, 9, 4, 3, 8, 9, 9, 4, 7, 1,
       6, 2, 6, 6, 6, 5, 6, 5, 1]))","(0.26093989100378534, array([4, 3, 4, 3, 3, 5, 3, 6, 6, 4, 1, 9, 9, 8, 4, 6, 6, 9, 8, 3, 2, 4,
       2, 8, 2, 5, 8, 8, 7, 5, 5, 6, 4, 4, 4, 4, 4, 4, 5, 7, 7, 4, 4, 2,
       7, 7, 6, 6, 2, 4, 4, 6, 6, 9, 4, 5, 3, 3, 3, 5, 5, 3, 3, 4, 9, 9,
       6, 9, 9, 1, 1, 1, 7, 3, 8, 8, 6, 3, 6, 9, 9, 9, 8, 8, 5, 7, 6, 1,
       8, 2, 9, 2, 9, 2, 1, 1, 1]))","(0.25590619882412946, array([2, 3, 3, 3, 7, 7, 7, 5, 5, 3, 3, 4, 4, 3, 3, 9, 9, 9, 3, 5, 2, 4,
       2, 2, 8, 2, 2, 1, 9, 7, 6, 4, 3, 6, 4, 9, 4, 4, 9, 9, 6, 4, 4, 1,
       1, 1, 9, 2, 3, 4, 6, 4, 5, 8, 1, 6, 7, 2, 4, 7, 8, 7, 7, 2, 3, 3,
       3, 7, 7, 3, 7, 3, 6, 3, 3, 5, 1, 9, 1, 6, 2, 8, 7, 7, 1, 1, 5, 6,
       2, 9, 3, 3, 3, 4, 3, 8, 6]))","(0.2028007463287605, array([5, 8, 8, 8, 6, 6, 6, 5, 7, 8, 1, 6, 6, 8, 8, 3, 2, 5, 8, 7, 1, 2,
       1, 6, 8, 9, 6, 3, 9, 9, 3, 6, 7, 2, 6, 6, 4, 4, 6, 9, 2, 4, 4, 2,
       3, 3, 2, 2, 2, 5, 7, 8, 5, 8, 3, 3, 2, 9, 2, 4, 7, 9, 1, 9, 3, 4,
       7, 9, 4, 1, 1, 1, 7, 9, 1, 6, 3, 2, 3, 5, 5, 6, 5, 7, 1, 3, 5, 8,
       9, 6, 1, 1, 9, 1, 9, 8, 8]))","(0.31507221670380414, array([7, 9, 2, 9, 9, 9, 9, 1, 1, 2, 9, 8, 9, 2, 2, 4, 4, 2, 4, 9, 5, 5,
       6, 6, 6, 3, 6, 3, 2, 3, 3, 3, 9, 8, 3, 7, 5, 5, 2, 2, 2, 5, 4, 7,
       7, 7, 1, 1, 8, 5, 5, 7, 1, 2, 7, 8, 8, 8, 3, 8, 7, 3, 8, 7, 9, 9,
       9, 8, 8, 9, 6, 2, 2, 3, 6, 6, 8, 1, 4, 3, 7, 3, 9, 9, 7, 7, 1, 6,
       8, 5, 5, 5, 4, 5, 5, 1, 6]))","(0.3218979032994174, array([1, 3, 7, 3, 7, 7, 7, 5, 5, 7, 6, 9, 9, 7, 7, 9, 9, 9, 7, 3, 5, 8,
       8, 4, 8, 7, 4, 2, 9, 8, 9, 5, 6, 6, 5, 1, 3, 3, 4, 9, 9, 8, 8, 6,
       6, 6, 9, 8, 2, 9, 9, 5, 5, 7, 2, 8, 4, 1, 4, 8, 8, 7, 3, 1, 3, 2,
       3, 1, 1, 6, 9, 9, 2, 3, 1, 4, 9, 4, 9, 6, 1, 8, 1, 1, 1, 2, 5, 7,
       5, 5, 5, 5, 5, 5, 5, 5, 5]))","(0.23280155171950923, array([8, 2, 3, 2, 4, 4, 4, 7, 2, 7, 1, 2, 2, 3, 7, 9, 6, 2, 2, 1, 5, 5,
       8, 8, 9, 4, 8, 5, 8, 1, 1, 7, 2, 5, 1, 9, 6, 7, 6, 8, 1, 5, 5, 4,
       4, 4, 8, 8, 5, 1, 1, 7, 7, 7, 2, 7, 4, 4, 4, 7, 1, 4, 4, 8, 8, 8,
       8, 7, 9, 1, 3, 3, 8, 9, 8, 8, 6, 4, 9, 5, 3, 9, 6, 4, 4, 4, 9, 3,
       1, 5, 3, 5, 5, 5, 5, 3, 3]))","(0.25452025557733093, array([8, 1, 1, 5, 4, 7, 4, 8, 5, 6, 2, 9, 9, 1, 6, 4, 4, 6, 6, 3, 2, 9,
       3, 9, 3, 4, 9, 9, 2, 3, 3, 7, 2, 1, 7, 3, 3, 2, 9, 2, 2, 3, 7, 5,
       5, 5, 4, 2, 4, 9, 9, 8, 8, 3, 5, 3, 7, 4, 6, 3, 3, 4, 8, 8, 4, 4,
       4, 3, 1, 1, 1, 7, 2, 4, 9, 9, 4, 7, 9, 1, 7, 4, 7, 7, 5, 5, 8, 5,
       8, 2, 9, 2, 9, 2, 2, 9, 5]))","(0.32647185159333136, array([1, 3, 6, 3, 5, 5, 5, 8, 8, 6, 3, 7, 7, 9, 6, 4, 4, 7, 9, 3, 6, 7,
       5, 9, 5, 5, 9, 5, 7, 1, 2, 8, 1, 1, 8, 5, 5, 4, 4, 7, 7, 7, 7, 2,
       2, 2, 9, 9, 3, 7, 7, 8, 8, 1, 2, 2, 5, 5, 5, 1, 1, 5, 7, 1, 9, 9,
       9, 2, 2, 3, 9, 9, 7, 4, 9, 9, 1, 5, 4, 4, 1, 4, 3, 3, 2, 2, 8, 6,
       9, 9, 6, 6, 6, 6, 6, 8, 9]))","(0.27298719428709495, array([9, 7, 4, 9, 6, 1, 6, 3, 3, 4, 8, 2, 4, 4, 4, 8, 8, 6, 6, 2, 5, 5,
       7, 7, 7, 8, 7, 8, 6, 9, 2, 7, 4, 4, 7, 8, 8, 8, 4, 6, 6, 5, 5, 9,
       3, 3, 1, 1, 4, 4, 4, 7, 3, 2, 9, 2, 1, 1, 6, 9, 9, 8, 3, 6, 7, 7,
       7, 2, 2, 8, 4, 1, 6, 7, 7, 7, 8, 6, 9, 4, 9, 7, 3, 3, 3, 3, 3, 5,
       5, 5, 2, 5, 2, 5, 2, 7, 5]))","(0.24425487932561946, array([4, 5, 5, 5, 1, 1, 1, 7, 7, 8, 7, 3, 3, 6, 8, 7, 8, 9, 8, 1, 5, 1,
       1, 1, 1, 2, 2, 2, 9, 2, 2, 7, 7, 3, 4, 9, 9, 3, 8, 6, 4, 7, 1, 8,
       8, 8, 1, 1, 3, 7, 7, 7, 7, 1, 8, 2, 3, 3, 7, 2, 2, 2, 3, 8, 9, 9,
       9, 6, 6, 6, 5, 5, 6, 2, 2, 2, 7, 9, 6, 9, 3, 5, 4, 3, 8, 8, 7, 2,
       4, 5, 5, 5, 5, 5, 5, 9, 2]))","(0.3082498859029773, array([2, 2, 2, 2, 8, 8, 8, 9, 9, 9, 9, 5, 5, 9, 9, 4, 4, 6, 6, 8, 7, 2,
       3, 3, 3, 8, 3, 3, 7, 3, 4, 8, 4, 4, 8, 2, 1, 1, 4, 7, 6, 2, 2, 6,
       6, 6, 6, 6, 4, 5, 5, 1, 9, 1, 5, 4, 5, 5, 5, 3, 3, 8, 5, 3, 6, 6,
       6, 4, 7, 9, 7, 7, 6, 8, 3, 3, 4, 5, 4, 4, 2, 3, 8, 8, 6, 6, 9, 9,
       8, 8, 7, 7, 7, 1, 7, 5, 5]))","(0.356348492576982, array([6, 9, 9, 9, 1, 1, 1, 5, 5, 9, 7, 5, 3, 9, 9, 2, 2, 7, 9, 9, 3, 5,
       7, 7, 6, 1, 2, 2, 7, 8, 8, 8, 4, 4, 8, 6, 3, 3, 2, 7, 7, 5, 5, 6,
       6, 6, 3, 3, 1, 3, 3, 5, 5, 8, 6, 4, 5, 1, 5, 4, 4, 1, 5, 6, 3, 3,
       3, 4, 4, 7, 7, 7, 7, 1, 2, 2, 8, 5, 2, 4, 6, 6, 8, 8, 6, 1, 5, 9,
       1, 1, 3, 3, 3, 3, 3, 5, 5]))","(0.15035974120110604, array([1, 1, 3, 1, 2, 5, 2, 2, 7, 3, 2, 5, 2, 3, 3, 8, 9, 9, 3, 6, 4, 3,
       3, 9, 3, 7, 9, 1, 9, 6, 8, 2, 4, 2, 5, 5, 3, 4, 7, 9, 8, 3, 3, 5,
       1, 1, 9, 4, 7, 5, 7, 2, 2, 3, 4, 1, 6, 9, 2, 6, 1, 5, 2, 4, 7, 7,
       6, 1, 5, 5, 6, 7, 8, 9, 7, 1, 7, 9, 5, 2, 8, 3, 6, 9, 7, 3, 4, 3,
       9, 8, 9, 9, 4, 4, 4, 2, 3]))","(0.15665185642567583, array([5, 3, 7, 4, 5, 3, 6, 3, 1, 5, 5, 1, 6, 7, 7, 9, 2, 8, 3, 8, 9, 7,
       9, 3, 7, 5, 7, 5, 8, 5, 6, 6, 2, 4, 2, 4, 1, 1, 7, 8, 8, 7, 3, 2,
       2, 2, 2, 7, 5, 3, 6, 2, 3, 5, 2, 9, 6, 6, 9, 9, 4, 9, 1, 9, 6, 8,
       2, 1, 1, 9, 5, 7, 8, 7, 7, 7, 3, 9, 6, 4, 5, 4, 2, 2, 8, 4, 3, 8,
       3, 1, 1, 9, 1, 1, 1, 3, 8]))","(0.18038739295014633, array([5, 4, 9, 4, 6, 6, 6, 2, 2, 7, 1, 9, 9, 9, 7, 9, 9, 7, 7, 4, 1, 4,
       5, 6, 9, 3, 3, 3, 5, 4, 5, 1, 1, 9, 3, 2, 4, 8, 6, 8, 5, 8, 8, 3,
       3, 8, 9, 3, 8, 8, 9, 6, 2, 7, 8, 6, 4, 5, 4, 3, 3, 3, 5, 5, 9, 5,
       5, 3, 9, 1, 7, 7, 5, 3, 7, 7, 8, 6, 7, 9, 2, 6, 7, 8, 5, 4, 2, 2,
       1, 1, 2, 6, 1, 1, 1, 2, 2]))","(0.219022658326398, array([5, 6, 6, 6, 2, 1, 1, 2, 2, 6, 2, 2, 2, 6, 6, 4, 4, 8, 6, 6, 3, 6,
       2, 8, 2, 7, 5, 9, 8, 6, 3, 9, 2, 2, 4, 4, 9, 1, 8, 8, 8, 5, 9, 3,
       3, 3, 7, 2, 2, 9, 9, 9, 4, 6, 4, 4, 8, 9, 1, 4, 6, 7, 8, 9, 7, 7,
       4, 4, 5, 2, 1, 7, 9, 3, 8, 8, 5, 2, 4, 2, 4, 2, 3, 5, 3, 6, 4, 6,
       5, 5, 7, 7, 1, 3, 3, 4, 6]))","(0.3283846546216006, array([3, 8, 8, 8, 7, 7, 7, 4, 4, 5, 3, 4, 2, 4, 5, 9, 9, 5, 5, 4, 1, 4,
       9, 9, 9, 6, 9, 8, 5, 6, 6, 8, 3, 4, 8, 3, 3, 6, 9, 5, 5, 4, 4, 2,
       2, 2, 2, 2, 4, 2, 2, 4, 4, 5, 2, 3, 7, 7, 7, 3, 8, 7, 6, 4, 6, 2,
       2, 3, 4, 3, 8, 8, 6, 7, 9, 9, 9, 7, 9, 4, 3, 1, 7, 6, 2, 2, 4, 8,
       1, 1, 1, 1, 1, 1, 1, 4, 8]))","(0.29047088512443286, array([6, 4, 3, 5, 3, 3, 3, 9, 9, 3, 5, 1, 1, 3, 3, 2, 7, 8, 3, 2, 4, 2,
       7, 7, 7, 6, 7, 6, 8, 7, 7, 7, 1, 1, 7, 6, 6, 6, 2, 8, 4, 2, 6, 1,
       3, 3, 7, 7, 1, 1, 1, 8, 9, 2, 3, 5, 6, 6, 5, 8, 8, 4, 4, 6, 1, 1,
       1, 5, 5, 5, 2, 2, 8, 4, 7, 7, 2, 8, 2, 1, 5, 7, 3, 3, 5, 1, 9, 3,
       9, 9, 1, 4, 4, 4, 4, 9, 1]))","(0.25855392091062845, array([1, 5, 6, 5, 5, 7, 5, 2, 2, 5, 9, 4, 2, 5, 5, 7, 7, 6, 5, 5, 5, 1,
       4, 4, 4, 2, 2, 2, 6, 8, 2, 8, 9, 3, 8, 4, 3, 9, 1, 6, 6, 7, 9, 8,
       8, 8, 7, 3, 3, 6, 6, 9, 8, 5, 8, 7, 4, 4, 3, 8, 8, 5, 6, 5, 2, 2,
       2, 2, 2, 9, 6, 6, 6, 3, 1, 1, 1, 4, 1, 3, 7, 6, 3, 3, 8, 8, 8, 6,
       5, 5, 3, 3, 3, 9, 3, 8, 6]))","(0.33217670273027466, array([1, 2, 7, 2, 1, 1, 1, 6, 4, 7, 6, 2, 5, 7, 7, 8, 5, 7, 7, 1, 4, 2,
       3, 3, 5, 1, 3, 1, 7, 5, 3, 6, 6, 9, 6, 1, 1, 8, 1, 7, 7, 8, 2, 9,
       9, 9, 5, 8, 9, 5, 5, 6, 6, 8, 9, 5, 2, 1, 2, 5, 5, 1, 1, 6, 3, 3,
       5, 5, 9, 6, 6, 6, 7, 2, 3, 3, 5, 2, 8, 9, 1, 5, 2, 2, 9, 9, 6, 7,
       4, 4, 4, 4, 4, 4, 4, 4, 4]))","(0.24706703535665386, array([8, 2, 8, 2, 8, 8, 7, 1, 1, 2, 8, 7, 7, 2, 2, 1, 1, 9, 5, 2, 2, 6,
       9, 5, 4, 6, 6, 6, 9, 7, 3, 6, 5, 9, 6, 8, 3, 6, 8, 9, 9, 3, 6, 4,
       4, 3, 7, 7, 9, 7, 7, 5, 1, 8, 4, 3, 9, 4, 4, 7, 7, 7, 9, 9, 7, 7,
       9, 4, 4, 8, 5, 8, 9, 8, 5, 6, 1, 4, 5, 9, 5, 4, 7, 7, 3, 4, 1, 3,
       2, 3, 2, 2, 1, 2, 1, 1, 3]))","(0.3429488039947381, array([7, 2, 2, 2, 3, 7, 3, 9, 9, 1, 8, 6, 6, 1, 1, 1, 1, 4, 4, 2, 2, 7,
       5, 6, 5, 6, 6, 6, 4, 3, 4, 9, 8, 8, 9, 5, 7, 5, 6, 4, 4, 8, 7, 8,
       1, 1, 5, 5, 6, 6, 6, 9, 9, 7, 1, 4, 4, 4, 4, 3, 3, 3, 4, 7, 6, 6,
       6, 4, 4, 8, 2, 2, 4, 3, 6, 6, 1, 4, 5, 8, 5, 5, 9, 3, 1, 8, 9, 1,
       2, 2, 2, 2, 2, 2, 2, 9, 2]))","(0.15301753067196436, array([4, 9, 9, 5, 3, 5, 3, 9, 5, 2, 8, 7, 7, 1, 2, 7, 4, 8, 8, 5, 5, 7,
       1, 4, 4, 6, 1, 5, 6, 6, 1, 3, 8, 8, 5, 5, 5, 5, 5, 8, 6, 7, 6, 1,
       1, 5, 2, 2, 3, 3, 7, 2, 9, 9, 2, 6, 2, 6, 2, 5, 6, 6, 2, 5, 9, 7,
       7, 6, 8, 8, 8, 9, 6, 6, 3, 3, 2, 1, 7, 8, 5, 7, 3, 8, 2, 8, 9, 8,
       3, 7, 8, 3, 2, 2, 3, 9, 8]))","(0.24949663078203443, array([8, 7, 9, 7, 5, 5, 5, 5, 5, 4, 3, 6, 7, 4, 4, 1, 1, 1, 4, 3, 7, 4,
       3, 9, 3, 9, 1, 1, 5, 9, 9, 5, 3, 7, 4, 6, 1, 1, 4, 5, 5, 4, 4, 2,
       2, 2, 1, 4, 3, 7, 7, 2, 5, 4, 9, 6, 7, 9, 6, 6, 8, 2, 7, 5, 3, 8,
       1, 9, 9, 3, 8, 9, 6, 2, 9, 9, 3, 7, 1, 7, 8, 3, 8, 5, 8, 2, 5, 3,
       8, 7, 6, 7, 7, 7, 3, 5, 3]))","(0.3212435233160622, array([5, 1, 6, 1, 3, 3, 3, 7, 7, 6, 5, 9, 9, 6, 6, 8, 8, 8, 6, 9, 9, 9,
       8, 8, 5, 2, 8, 2, 8, 2, 7, 2, 5, 4, 2, 5, 4, 4, 9, 8, 2, 9, 9, 1,
       1, 1, 8, 8, 8, 9, 9, 7, 7, 6, 2, 7, 1, 1, 4, 7, 7, 3, 1, 5, 4, 4,
       4, 3, 3, 5, 5, 5, 2, 4, 8, 8, 8, 4, 8, 4, 5, 5, 3, 3, 3, 1, 7, 6,
       9, 9, 9, 9, 9, 9, 9, 3, 9]))","(0.32752221536148624, array([1, 3, 3, 5, 6, 6, 6, 8, 9, 6, 4, 1, 7, 1, 6, 5, 5, 3, 1, 5, 8, 1,
       1, 1, 1, 6, 2, 9, 3, 5, 5, 2, 4, 4, 2, 1, 1, 1, 5, 3, 3, 9, 1, 7,
       7, 7, 5, 3, 4, 9, 9, 8, 8, 6, 7, 5, 6, 6, 6, 5, 5, 6, 6, 4, 7, 7,
       7, 9, 2, 4, 3, 3, 3, 1, 2, 2, 5, 6, 5, 4, 1, 1, 6, 6, 7, 7, 8, 6,
       2, 2, 8, 8, 8, 8, 8, 8, 4]))","(0.2814471529437032, array([2, 9, 5, 9, 5, 6, 5, 1, 6, 3, 5, 4, 4, 3, 3, 4, 4, 7, 7, 9, 2, 2,
       7, 7, 7, 5, 9, 9, 7, 4, 4, 6, 5, 2, 6, 2, 8, 8, 4, 7, 7, 6, 6, 3,
       3, 3, 4, 6, 5, 9, 9, 1, 1, 3, 3, 4, 8, 2, 9, 4, 4, 5, 2, 2, 8, 4,
       4, 4, 4, 5, 2, 5, 7, 5, 8, 8, 4, 1, 4, 2, 1, 7, 5, 6, 3, 9, 6, 3,
       8, 8, 4, 2, 2, 2, 4, 6, 7]))","(0.2058108942521947, array([2, 7, 8, 7, 9, 7, 7, 5, 5, 7, 6, 7, 7, 4, 7, 1, 1, 8, 7, 6, 5, 7,
       5, 4, 4, 9, 6, 9, 8, 1, 1, 2, 9, 9, 9, 2, 4, 3, 6, 6, 8, 8, 8, 3,
       8, 8, 3, 3, 2, 2, 7, 2, 5, 7, 8, 1, 9, 3, 4, 4, 4, 6, 2, 2, 1, 5,
       1, 1, 4, 6, 8, 7, 9, 6, 3, 4, 1, 4, 3, 9, 6, 4, 7, 2, 6, 8, 5, 5,
       5, 5, 5, 5, 5, 5, 5, 5, 5]))","(0.294470992509866, array([1, 7, 7, 5, 2, 7, 2, 4, 8, 6, 3, 9, 2, 6, 6, 1, 2, 9, 9, 5, 4, 9,
       3, 6, 3, 9, 6, 6, 9, 3, 3, 4, 1, 5, 8, 8, 8, 7, 9, 9, 9, 9, 9, 7,
       6, 7, 5, 5, 1, 8, 8, 9, 4, 5, 6, 3, 3, 9, 8, 3, 3, 9, 3, 1, 2, 2,
       2, 3, 9, 3, 7, 7, 9, 9, 6, 6, 2, 1, 1, 5, 1, 3, 5, 5, 7, 7, 4, 1,
       4, 4, 4, 4, 4, 4, 4, 4, 1]))","(0.15835995597197242, array([5, 1, 6, 1, 9, 8, 3, 4, 9, 6, 8, 2, 5, 6, 6, 5, 4, 9, 6, 1, 2, 5,
       1, 1, 4, 5, 1, 4, 9, 7, 2, 1, 3, 3, 7, 8, 2, 2, 5, 3, 9, 2, 8, 3,
       7, 7, 3, 7, 8, 5, 3, 9, 4, 6, 7, 2, 1, 3, 1, 7, 5, 9, 8, 1, 4, 1,
       4, 8, 8, 1, 3, 1, 9, 1, 1, 9, 6, 7, 9, 9, 5, 5, 7, 7, 2, 3, 4, 6,
       4, 3, 3, 2, 3, 7, 2, 6, 6]))","(0.26402722220730757, array([4, 9, 3, 7, 5, 9, 5, 6, 7, 3, 9, 8, 2, 3, 3, 3, 8, 3, 3, 6, 2, 8,
       4, 9, 2, 4, 2, 2, 1, 4, 4, 6, 9, 8, 8, 8, 7, 7, 3, 1, 1, 8, 8, 3,
       3, 3, 8, 8, 2, 2, 1, 2, 2, 3, 3, 4, 4, 6, 4, 1, 5, 5, 4, 4, 8, 8,
       8, 4, 4, 6, 6, 7, 1, 5, 1, 9, 3, 4, 9, 1, 4, 2, 4, 7, 3, 3, 6, 3,
       5, 7, 2, 2, 2, 2, 2, 9, 3]))","(0.30048457676716156, array([2, 9, 3, 9, 7, 7, 7, 9, 9, 3, 3, 5, 5, 3, 3, 4, 5, 2, 2, 9, 9, 4,
       8, 1, 8, 7, 1, 1, 1, 1, 6, 4, 3, 3, 4, 2, 2, 2, 4, 1, 1, 1, 1, 6,
       6, 8, 5, 5, 6, 4, 4, 4, 9, 3, 8, 6, 8, 4, 8, 6, 6, 7, 8, 2, 5, 2,
       2, 6, 8, 3, 3, 3, 1, 2, 5, 1, 5, 8, 4, 8, 2, 3, 3, 3, 8, 6, 9, 7,
       1, 1, 9, 9, 9, 9, 9, 2, 7]))"
SS,212,"(0.31826501812685254, array([9, 2, 8, 5, 7, 7, 7, 2, 8, 2, 1, 1, 8, 8, 8, 5, 8, 5, 5, 5, 3, 3,
       4, 9, 9, 8, 2, 5, 6, 6, 6, 6, 2, 6, 2, 4, 4, 8, 6, 9, 5, 3, 9, 8,
       2, 4, 4, 4, 4, 4, 4, 6, 6, 5, 3, 3, 3, 3, 5, 5, 5, 2, 1, 1, 6, 6,
       9, 9, 9, 7, 7, 4, 8, 7, 1, 1, 3, 5, 2, 4, 6, 1, 1, 1, 1, 2, 9, 3,
       5, 6, 2, 2, 2, 2, 2, 4, 9, 9, 9, 9, 1, 1, 6, 5, 7, 4, 2, 2, 1, 1,
       2, 3, 4, 5, 1, 5, 4, 6, 7, 7, 3, 3, 9, 8, 4, 2, 2, 3, 2, 2, 2]))","(0.2262476234338281, array([4, 6, 8, 2, 9, 6, 9, 7, 8, 7, 6, 6, 2, 2, 2, 3, 3, 6, 2, 2, 3, 8,
       3, 4, 4, 8, 5, 5, 2, 9, 2, 2, 5, 9, 3, 4, 4, 8, 9, 4, 2, 4, 9, 2,
       3, 5, 9, 1, 5, 5, 5, 5, 1, 5, 8, 8, 8, 4, 7, 7, 7, 3, 1, 7, 3, 6,
       9, 9, 8, 9, 9, 1, 7, 7, 6, 9, 2, 4, 9, 9, 2, 6, 6, 6, 2, 2, 2, 4,
       4, 1, 7, 7, 5, 1, 9, 3, 4, 4, 4, 4, 6, 6, 2, 1, 3, 4, 7, 3, 9, 1,
       7, 5, 1, 4, 6, 7, 4, 7, 7, 7, 9, 9, 9, 8, 9, 7, 1, 9, 4, 2, 4]))","(0.1867981011088674, array([3, 6, 6, 6, 4, 8, 8, 6, 2, 8, 2, 5, 7, 9, 2, 7, 9, 6, 6, 1, 7, 3,
       6, 1, 1, 2, 1, 8, 2, 2, 2, 2, 6, 9, 4, 3, 3, 9, 5, 9, 5, 1, 4, 7,
       4, 8, 4, 6, 3, 6, 3, 8, 7, 7, 3, 9, 3, 9, 1, 1, 3, 4, 5, 5, 8, 8,
       3, 4, 6, 3, 9, 6, 9, 7, 2, 3, 3, 8, 3, 6, 9, 3, 1, 1, 1, 1, 5, 8,
       7, 2, 9, 9, 6, 7, 7, 3, 5, 5, 9, 5, 6, 6, 6, 7, 3, 2, 3, 4, 2, 2,
       5, 1, 8, 1, 3, 7, 2, 1, 1, 7, 5, 5, 4, 4, 6, 3, 3, 2, 9, 3, 4]))","(0.2826578571344221, array([8, 3, 3, 3, 1, 8, 1, 1, 3, 6, 2, 2, 7, 3, 3, 6, 3, 8, 6, 3, 1, 1,
       4, 8, 8, 3, 1, 9, 3, 3, 3, 3, 9, 5, 7, 2, 7, 3, 6, 5, 6, 8, 5, 7,
       7, 9, 7, 9, 9, 9, 9, 1, 5, 9, 6, 5, 2, 4, 8, 8, 8, 7, 4, 4, 4, 2,
       4, 5, 3, 4, 4, 9, 7, 7, 2, 6, 2, 9, 2, 4, 8, 2, 2, 4, 2, 2, 4, 5,
       5, 5, 1, 1, 9, 6, 9, 4, 3, 3, 3, 3, 8, 8, 1, 9, 2, 4, 1, 7, 5, 5,
       6, 2, 9, 9, 2, 4, 4, 6, 6, 4, 8, 8, 5, 3, 4, 4, 4, 8, 3, 4, 7]))","(0.1256244021681369, array([5, 6, 1, 6, 9, 2, 2, 4, 1, 6, 4, 1, 1, 2, 1, 3, 6, 6, 1, 9, 5, 5,
       1, 7, 7, 8, 5, 3, 8, 7, 6, 7, 1, 5, 4, 4, 5, 8, 9, 4, 4, 4, 9, 2,
       2, 2, 7, 2, 2, 8, 3, 3, 3, 3, 4, 8, 4, 4, 5, 5, 5, 8, 2, 2, 2, 4,
       4, 7, 9, 9, 6, 2, 3, 9, 1, 7, 7, 3, 6, 1, 2, 7, 6, 9, 5, 9, 8, 3,
       9, 9, 4, 7, 8, 1, 1, 5, 2, 8, 5, 8, 1, 5, 4, 3, 5, 2, 8, 2, 5, 5,
       7, 7, 2, 3, 7, 8, 1, 6, 9, 6, 8, 7, 4, 3, 6, 4, 6, 7, 3, 3, 3]))","(0.362122258830198, array([1, 5, 6, 5, 7, 8, 8, 8, 6, 4, 2, 2, 6, 6, 6, 3, 6, 5, 5, 5, 5, 9,
       2, 1, 9, 6, 3, 3, 9, 9, 9, 9, 8, 7, 1, 2, 9, 6, 7, 7, 5, 9, 1, 6,
       1, 1, 1, 1, 1, 1, 1, 2, 2, 3, 9, 9, 9, 7, 4, 4, 7, 1, 2, 2, 4, 4,
       7, 7, 6, 6, 6, 1, 6, 6, 2, 3, 8, 5, 3, 3, 8, 2, 2, 2, 2, 2, 1, 9,
       7, 7, 8, 8, 8, 8, 5, 2, 3, 3, 3, 3, 8, 8, 9, 3, 9, 2, 5, 1, 7, 7,
       2, 1, 1, 5, 2, 2, 2, 3, 2, 5, 8, 8, 7, 6, 2, 5, 5, 8, 5, 5, 7]))","(0.18203906425290206, array([8, 1, 1, 9, 8, 7, 9, 9, 7, 5, 4, 9, 7, 7, 7, 3, 3, 7, 5, 6, 4, 4,
       4, 2, 2, 6, 9, 4, 5, 3, 8, 5, 8, 3, 5, 2, 2, 7, 1, 2, 5, 9, 6, 5,
       5, 1, 3, 2, 6, 1, 3, 6, 8, 4, 9, 9, 5, 6, 1, 9, 1, 2, 3, 3, 3, 3,
       1, 6, 3, 3, 8, 1, 8, 7, 1, 3, 7, 4, 3, 3, 7, 2, 6, 2, 6, 2, 2, 9,
       8, 8, 9, 9, 8, 7, 7, 4, 9, 9, 9, 9, 2, 8, 6, 4, 5, 8, 9, 2, 8, 5,
       3, 1, 3, 4, 1, 1, 8, 8, 1, 9, 5, 6, 8, 4, 4, 9, 9, 3, 8, 3, 4]))","(0.2169908243879973, array([9, 6, 7, 6, 1, 3, 1, 1, 7, 1, 2, 9, 8, 1, 7, 8, 8, 8, 5, 6, 2, 5,
       4, 9, 9, 7, 6, 2, 6, 6, 6, 6, 4, 6, 9, 7, 7, 7, 6, 9, 7, 6, 8, 7,
       2, 2, 2, 7, 2, 7, 2, 5, 5, 2, 8, 8, 5, 8, 9, 9, 9, 9, 5, 2, 9, 9,
       2, 4, 7, 5, 5, 7, 7, 7, 2, 7, 2, 6, 3, 3, 7, 8, 4, 4, 4, 4, 2, 6,
       9, 3, 1, 1, 6, 6, 6, 8, 1, 1, 1, 1, 4, 4, 5, 1, 9, 9, 1, 2, 3, 3,
       7, 7, 3, 5, 5, 9, 9, 8, 9, 9, 4, 2, 4, 3, 4, 1, 1, 2, 7, 3, 3]))","(0.34037003578134406, array([8, 6, 3, 5, 6, 2, 6, 8, 3, 7, 9, 9, 3, 3, 3, 2, 3, 8, 8, 5, 9, 4,
       4, 2, 2, 3, 1, 1, 1, 1, 1, 1, 5, 1, 7, 5, 5, 3, 8, 4, 8, 9, 4, 3,
       7, 7, 7, 7, 7, 7, 7, 6, 1, 1, 4, 4, 4, 9, 8, 8, 8, 7, 6, 6, 5, 5,
       7, 1, 3, 7, 7, 7, 3, 3, 9, 2, 5, 1, 2, 2, 3, 2, 2, 2, 2, 2, 4, 9,
       2, 8, 8, 8, 5, 5, 5, 4, 9, 9, 9, 9, 5, 8, 1, 1, 4, 4, 6, 7, 8, 8,
       9, 7, 7, 5, 9, 4, 4, 9, 4, 8, 6, 5, 1, 3, 6, 5, 6, 5, 7, 7, 7]))","(0.34210153399227694, array([3, 9, 2, 9, 7, 7, 7, 7, 2, 3, 1, 4, 7, 2, 2, 9, 2, 9, 5, 1, 1, 1,
       2, 8, 8, 2, 9, 9, 3, 7, 3, 3, 9, 7, 3, 4, 4, 2, 7, 7, 5, 9, 5, 2,
       3, 6, 3, 6, 6, 6, 6, 9, 9, 9, 1, 1, 1, 1, 1, 1, 8, 3, 5, 5, 1, 4,
       7, 7, 2, 1, 1, 6, 7, 7, 4, 9, 8, 9, 8, 5, 2, 6, 6, 6, 6, 6, 5, 9,
       3, 5, 3, 7, 9, 1, 9, 2, 4, 4, 4, 4, 5, 5, 3, 9, 7, 4, 3, 3, 5, 5,
       4, 6, 6, 9, 4, 1, 4, 3, 1, 1, 5, 8, 7, 2, 2, 3, 3, 8, 3, 4, 3]))","(0.19113791759662732, array([3, 4, 7, 7, 1, 9, 5, 5, 1, 5, 5, 8, 7, 7, 1, 6, 7, 4, 4, 7, 5, 4,
       6, 5, 5, 1, 8, 1, 1, 1, 9, 4, 6, 1, 5, 9, 5, 1, 1, 3, 3, 9, 3, 1,
       7, 6, 3, 6, 6, 6, 9, 4, 3, 1, 4, 9, 9, 1, 8, 8, 8, 3, 4, 4, 5, 1,
       7, 1, 7, 3, 6, 8, 7, 7, 8, 9, 2, 1, 2, 6, 1, 2, 2, 2, 2, 2, 3, 9,
       4, 3, 5, 5, 8, 8, 8, 9, 9, 9, 3, 9, 4, 4, 9, 9, 6, 8, 2, 7, 4, 7,
       5, 6, 4, 1, 1, 8, 8, 6, 8, 1, 2, 2, 4, 2, 5, 2, 2, 2, 5, 5, 2]))","(0.3219066260436226, array([8, 3, 2, 3, 1, 4, 7, 7, 2, 6, 5, 5, 2, 2, 2, 8, 2, 3, 3, 3, 6, 6,
       1, 8, 8, 2, 9, 9, 1, 4, 7, 7, 9, 4, 8, 5, 9, 1, 4, 5, 3, 8, 4, 2,
       8, 2, 8, 2, 2, 2, 2, 7, 7, 9, 6, 6, 6, 8, 5, 5, 5, 7, 9, 9, 7, 7,
       4, 4, 2, 9, 9, 2, 2, 4, 5, 8, 1, 9, 1, 4, 8, 8, 8, 8, 8, 1, 4, 8,
       4, 9, 6, 7, 9, 9, 9, 1, 6, 6, 6, 5, 9, 3, 7, 4, 6, 5, 6, 8, 9, 9,
       5, 2, 2, 9, 5, 5, 5, 9, 5, 5, 4, 4, 4, 3, 1, 6, 6, 4, 8, 5, 3]))","(0.37977527426459295, array([2, 2, 1, 2, 3, 6, 6, 6, 1, 9, 4, 4, 1, 1, 1, 7, 1, 2, 2, 2, 5, 5,
       3, 2, 2, 1, 7, 7, 8, 8, 8, 8, 7, 8, 8, 4, 4, 9, 5, 8, 2, 2, 9, 1,
       8, 6, 8, 6, 6, 9, 6, 5, 5, 7, 5, 5, 5, 5, 6, 6, 6, 2, 5, 5, 4, 4,
       3, 3, 1, 6, 6, 6, 1, 1, 4, 7, 3, 7, 3, 3, 6, 2, 2, 2, 2, 2, 9, 2,
       5, 5, 6, 6, 7, 7, 7, 3, 4, 4, 4, 4, 7, 7, 8, 7, 5, 4, 5, 8, 5, 5,
       8, 9, 6, 7, 4, 4, 4, 7, 4, 6, 3, 3, 3, 1, 3, 5, 5, 3, 6, 6, 3]))","(0.35974274040221543, array([3, 1, 1, 1, 2, 7, 7, 7, 1, 7, 5, 5, 1, 1, 1, 6, 1, 3, 3, 1, 5, 8,
       4, 3, 3, 1, 6, 6, 4, 4, 4, 4, 4, 8, 3, 7, 9, 1, 8, 8, 3, 3, 2, 1,
       3, 5, 3, 5, 5, 5, 5, 9, 6, 6, 8, 8, 8, 8, 6, 6, 6, 3, 5, 5, 5, 5,
       8, 8, 1, 7, 7, 5, 1, 1, 7, 4, 2, 6, 2, 4, 4, 9, 9, 9, 9, 2, 2, 3,
       4, 4, 7, 2, 4, 2, 4, 4, 9, 9, 9, 9, 4, 4, 4, 6, 8, 7, 3, 3, 4, 4,
       5, 5, 3, 2, 5, 7, 7, 6, 6, 6, 9, 9, 2, 1, 4, 3, 3, 9, 1, 3, 3]))","(0.32659480875284896, array([5, 3, 4, 3, 6, 2, 6, 2, 8, 1, 5, 5, 8, 8, 8, 7, 8, 3, 3, 3, 2, 2,
       6, 8, 8, 8, 7, 7, 7, 7, 7, 6, 8, 7, 3, 5, 3, 8, 7, 1, 3, 6, 1, 8,
       4, 1, 4, 1, 1, 1, 1, 5, 5, 7, 2, 2, 2, 2, 7, 5, 5, 3, 9, 9, 5, 5,
       1, 7, 8, 7, 7, 1, 8, 8, 5, 7, 9, 7, 6, 6, 8, 4, 4, 4, 4, 4, 1, 6,
       7, 7, 2, 2, 8, 8, 8, 6, 1, 1, 1, 1, 3, 3, 7, 9, 9, 5, 2, 3, 7, 7,
       1, 1, 6, 9, 9, 5, 5, 7, 5, 7, 9, 3, 7, 8, 6, 2, 2, 3, 3, 1, 4]))","(0.2967932594088402, array([9, 5, 5, 5, 9, 2, 2, 2, 7, 2, 4, 4, 7, 7, 7, 5, 5, 5, 6, 5, 4, 9,
       7, 6, 6, 7, 8, 5, 3, 3, 3, 3, 7, 9, 1, 4, 4, 1, 9, 9, 3, 8, 9, 1,
       1, 2, 2, 3, 3, 3, 3, 8, 6, 5, 9, 9, 1, 9, 5, 5, 5, 1, 4, 4, 8, 8,
       9, 9, 7, 1, 1, 3, 7, 9, 4, 5, 2, 8, 2, 2, 4, 2, 8, 8, 8, 8, 3, 8,
       6, 6, 2, 2, 7, 7, 7, 7, 6, 4, 6, 6, 2, 2, 9, 5, 1, 4, 8, 1, 6, 6,
       9, 1, 3, 8, 4, 4, 4, 5, 5, 8, 9, 9, 9, 7, 8, 8, 8, 9, 4, 3, 1]))","(0.15219913557940978, array([6, 5, 2, 2, 4, 7, 7, 4, 1, 1, 6, 3, 2, 2, 2, 4, 7, 6, 2, 4, 8, 6,
       6, 7, 7, 4, 2, 4, 8, 5, 5, 9, 6, 3, 3, 6, 6, 1, 3, 3, 1, 7, 9, 1,
       3, 1, 4, 6, 6, 6, 6, 4, 4, 4, 5, 6, 8, 6, 9, 9, 9, 1, 2, 4, 9, 7,
       5, 8, 2, 2, 1, 6, 4, 2, 3, 3, 2, 7, 5, 6, 2, 1, 7, 4, 1, 1, 9, 5,
       9, 2, 3, 3, 6, 8, 9, 3, 1, 8, 7, 1, 6, 1, 8, 1, 8, 6, 3, 2, 5, 2,
       1, 4, 7, 5, 3, 9, 3, 2, 9, 9, 5, 2, 8, 9, 3, 3, 3, 6, 4, 7, 9]))","(0.17456542790000115, array([4, 6, 6, 6, 8, 8, 8, 8, 9, 7, 9, 6, 9, 9, 5, 4, 9, 6, 7, 3, 9, 8,
       7, 7, 7, 6, 4, 4, 8, 8, 8, 8, 2, 8, 4, 1, 1, 9, 7, 7, 4, 7, 4, 9,
       5, 4, 4, 6, 4, 4, 4, 4, 2, 4, 8, 8, 8, 1, 2, 7, 9, 4, 2, 2, 4, 4,
       6, 8, 5, 5, 1, 6, 4, 5, 6, 4, 5, 4, 9, 4, 2, 6, 9, 6, 6, 9, 5, 6,
       7, 9, 8, 8, 2, 4, 1, 7, 4, 1, 2, 1, 7, 7, 8, 5, 9, 6, 3, 3, 7, 9,
       4, 4, 9, 7, 6, 1, 1, 4, 1, 7, 2, 5, 8, 8, 1, 5, 5, 7, 9, 1, 8]))","(0.3443629621756947, array([4, 3, 3, 3, 5, 2, 2, 2, 8, 6, 3, 3, 8, 1, 8, 5, 1, 4, 4, 9, 7, 7,
       2, 4, 4, 8, 3, 9, 5, 5, 5, 5, 1, 5, 7, 3, 7, 8, 5, 6, 4, 4, 5, 1,
       7, 6, 7, 6, 6, 6, 6, 9, 9, 9, 7, 7, 7, 7, 8, 8, 8, 7, 3, 3, 2, 2,
       5, 5, 3, 3, 3, 6, 8, 8, 3, 5, 9, 9, 9, 2, 7, 9, 9, 9, 9, 9, 5, 4,
       4, 2, 6, 2, 1, 1, 1, 2, 1, 1, 1, 1, 4, 4, 5, 9, 7, 3, 6, 7, 2, 2,
       3, 6, 5, 9, 2, 3, 3, 5, 3, 8, 9, 5, 5, 8, 4, 6, 6, 5, 3, 5, 4]))","(0.3203655483520506, array([4, 4, 8, 6, 3, 9, 9, 9, 8, 9, 2, 9, 8, 8, 8, 5, 8, 6, 6, 1, 2, 2,
       3, 8, 8, 4, 1, 1, 2, 2, 2, 2, 1, 2, 6, 8, 5, 8, 2, 2, 6, 5, 3, 4,
       6, 3, 6, 3, 3, 3, 4, 1, 1, 1, 7, 7, 7, 2, 7, 7, 4, 6, 9, 9, 4, 2,
       3, 3, 8, 6, 4, 3, 8, 8, 8, 5, 5, 1, 5, 5, 1, 3, 3, 3, 3, 3, 3, 5,
       3, 3, 9, 9, 1, 4, 4, 3, 9, 9, 9, 9, 1, 1, 2, 5, 7, 8, 7, 6, 3, 3,
       9, 6, 3, 1, 2, 8, 8, 5, 4, 7, 5, 5, 3, 8, 3, 7, 5, 5, 8, 5, 5]))","(0.32213099750829594, array([8, 8, 7, 8, 2, 6, 6, 6, 7, 6, 4, 4, 2, 7, 7, 9, 9, 3, 3, 8, 6, 9,
       1, 8, 8, 7, 1, 1, 3, 2, 3, 3, 1, 2, 8, 4, 8, 7, 5, 2, 2, 8, 6, 2,
       8, 5, 8, 5, 5, 5, 5, 9, 9, 9, 6, 9, 9, 9, 7, 7, 7, 8, 4, 4, 2, 2,
       2, 2, 7, 5, 5, 5, 2, 2, 4, 9, 6, 1, 6, 1, 2, 4, 4, 4, 4, 4, 6, 8,
       4, 5, 6, 9, 1, 1, 1, 1, 3, 3, 6, 3, 2, 2, 2, 1, 5, 4, 3, 8, 5, 5,
       4, 5, 3, 1, 4, 4, 4, 9, 4, 9, 6, 6, 2, 7, 1, 3, 3, 6, 7, 3, 8]))","(0.2437146467330334, array([2, 5, 8, 5, 6, 3, 3, 4, 5, 4, 6, 7, 6, 8, 8, 8, 8, 9, 8, 5, 6, 6,
       6, 1, 1, 2, 4, 4, 3, 9, 9, 9, 1, 9, 9, 7, 7, 8, 4, 9, 8, 1, 7, 8,
       9, 7, 2, 7, 7, 7, 7, 3, 3, 8, 2, 2, 2, 6, 3, 5, 5, 9, 7, 7, 6, 7,
       2, 6, 8, 3, 5, 7, 6, 6, 7, 7, 9, 4, 9, 9, 8, 9, 7, 9, 9, 9, 5, 8,
       4, 4, 4, 4, 1, 1, 1, 6, 5, 5, 5, 3, 8, 8, 3, 4, 2, 7, 2, 9, 7, 4,
       4, 8, 3, 4, 7, 7, 7, 8, 5, 3, 9, 2, 6, 1, 6, 2, 3, 2, 8, 1, 1]))","(0.2023653475986349, array([9, 1, 2, 1, 5, 2, 2, 2, 7, 7, 4, 1, 7, 3, 7, 8, 8, 1, 5, 8, 4, 4,
       9, 7, 7, 3, 8, 9, 4, 5, 4, 5, 6, 5, 4, 1, 1, 7, 5, 8, 5, 6, 6, 7,
       8, 6, 8, 4, 6, 4, 6, 8, 9, 9, 2, 2, 2, 6, 3, 3, 3, 4, 6, 6, 8, 4,
       4, 5, 7, 9, 1, 4, 2, 7, 1, 2, 4, 9, 5, 1, 7, 6, 6, 6, 6, 6, 6, 1,
       1, 9, 5, 5, 6, 2, 2, 5, 2, 2, 1, 4, 6, 3, 9, 9, 2, 2, 4, 1, 6, 1,
       7, 2, 8, 8, 2, 3, 1, 5, 3, 3, 8, 8, 5, 3, 9, 4, 8, 2, 3, 3, 3]))","(0.3556996256539247, array([3, 9, 7, 9, 2, 8, 8, 9, 7, 3, 9, 9, 7, 7, 7, 4, 7, 9, 9, 9, 8, 8,
       8, 3, 3, 7, 4, 4, 4, 4, 4, 4, 1, 5, 3, 2, 2, 7, 5, 5, 9, 5, 3, 7,
       6, 3, 6, 3, 3, 3, 3, 8, 8, 4, 8, 8, 8, 8, 6, 6, 6, 3, 8, 8, 9, 9,
       2, 2, 7, 9, 9, 6, 7, 7, 2, 4, 2, 4, 8, 8, 4, 1, 1, 1, 1, 1, 3, 5,
       9, 9, 9, 9, 1, 1, 1, 8, 1, 1, 1, 1, 1, 1, 4, 4, 8, 2, 5, 3, 9, 9,
       9, 2, 6, 4, 9, 2, 2, 4, 2, 6, 2, 2, 2, 7, 5, 5, 5, 2, 7, 6, 5]))","(0.3322749495164204, array([8, 7, 6, 7, 2, 4, 4, 4, 6, 1, 5, 5, 6, 6, 6, 8, 6, 7, 7, 7, 1, 1,
       1, 8, 8, 6, 3, 8, 7, 7, 7, 7, 4, 2, 3, 4, 4, 6, 2, 2, 7, 8, 2, 6,
       3, 1, 9, 1, 2, 4, 1, 2, 2, 8, 1, 3, 1, 1, 9, 9, 9, 3, 3, 3, 3, 3,
       2, 2, 6, 2, 2, 9, 6, 6, 4, 8, 9, 8, 9, 9, 6, 2, 1, 1, 2, 2, 2, 9,
       3, 7, 1, 3, 5, 5, 5, 1, 5, 5, 5, 5, 5, 5, 7, 8, 7, 4, 6, 3, 7, 7,
       3, 4, 9, 8, 5, 4, 4, 1, 4, 9, 9, 9, 2, 6, 1, 6, 6, 9, 7, 9, 6]))","(0.17935841570127892, array([3, 2, 4, 2, 9, 8, 8, 1, 6, 1, 1, 1, 4, 1, 6, 1, 1, 9, 7, 2, 5, 9,
       8, 2, 8, 6, 8, 8, 2, 2, 4, 7, 8, 9, 6, 3, 3, 2, 7, 9, 6, 8, 6, 6,
       6, 3, 3, 3, 3, 3, 4, 9, 8, 9, 9, 9, 9, 8, 5, 5, 5, 8, 5, 5, 1, 1,
       7, 9, 6, 1, 1, 3, 6, 6, 3, 1, 6, 9, 6, 6, 8, 6, 4, 4, 6, 6, 6, 4,
       1, 7, 1, 1, 8, 1, 1, 2, 7, 2, 7, 7, 7, 8, 7, 4, 1, 3, 7, 6, 6, 6,
       7, 1, 5, 4, 1, 3, 9, 1, 3, 5, 2, 2, 2, 5, 8, 7, 7, 3, 4, 5, 5]))","(0.3507914998641962, array([8, 9, 7, 9, 4, 9, 9, 9, 7, 5, 6, 6, 7, 7, 7, 3, 7, 9, 9, 9, 8, 8,
       1, 8, 2, 7, 3, 3, 2, 8, 2, 2, 4, 8, 4, 9, 9, 7, 2, 8, 9, 8, 4, 7,
       3, 5, 3, 5, 5, 5, 5, 1, 1, 3, 8, 8, 8, 9, 7, 7, 7, 4, 9, 9, 6, 6,
       8, 4, 7, 3, 3, 5, 7, 7, 6, 9, 2, 5, 1, 1, 9, 1, 1, 1, 1, 1, 4, 8,
       2, 2, 9, 9, 4, 4, 4, 1, 6, 6, 6, 6, 3, 3, 2, 3, 8, 6, 6, 3, 2, 2,
       6, 5, 5, 5, 6, 6, 6, 5, 6, 7, 2, 2, 4, 7, 1, 3, 3, 2, 5, 5, 7]))","(0.2976036537121668, array([7, 4, 4, 4, 8, 1, 1, 1, 5, 9, 7, 7, 5, 5, 5, 3, 8, 2, 2, 8, 7, 7,
       3, 7, 7, 4, 6, 3, 9, 9, 9, 9, 2, 9, 9, 3, 7, 5, 5, 9, 8, 7, 6, 5,
       9, 1, 9, 1, 6, 1, 1, 9, 6, 3, 7, 2, 7, 7, 7, 7, 7, 9, 8, 8, 7, 7,
       3, 3, 5, 8, 8, 1, 6, 6, 3, 3, 1, 6, 1, 1, 5, 6, 6, 6, 6, 6, 6, 5,
       6, 5, 9, 9, 2, 6, 2, 3, 7, 6, 7, 7, 2, 2, 6, 3, 7, 3, 8, 9, 5, 5,
       7, 5, 2, 6, 7, 7, 3, 3, 7, 8, 1, 1, 3, 8, 3, 8, 8, 1, 5, 2, 8]))","(0.25804489791098356, array([1, 2, 3, 2, 8, 5, 4, 4, 2, 8, 6, 6, 2, 2, 2, 1, 2, 3, 3, 8, 9, 7,
       1, 1, 8, 3, 5, 5, 9, 9, 9, 9, 3, 3, 8, 6, 3, 4, 3, 5, 3, 7, 4, 2,
       8, 2, 4, 2, 1, 1, 2, 2, 2, 5, 7, 5, 5, 7, 9, 9, 9, 8, 7, 5, 3, 6,
       2, 4, 2, 9, 9, 2, 2, 2, 8, 9, 4, 5, 9, 4, 3, 7, 7, 7, 5, 1, 5, 7,
       3, 3, 9, 4, 3, 3, 3, 1, 6, 6, 6, 6, 3, 1, 3, 5, 5, 6, 9, 8, 8, 3,
       4, 1, 2, 7, 6, 6, 6, 8, 6, 9, 8, 4, 4, 9, 1, 9, 9, 3, 3, 3, 9]))","(0.17824246289014065, array([6, 9, 8, 9, 1, 5, 5, 4, 8, 9, 3, 3, 8, 8, 8, 1, 1, 9, 5, 3, 5, 9,
       4, 6, 5, 5, 8, 2, 6, 1, 6, 6, 4, 1, 6, 5, 5, 8, 1, 8, 5, 8, 3, 8,
       6, 2, 7, 4, 6, 6, 2, 3, 3, 2, 3, 5, 3, 2, 6, 6, 2, 3, 7, 7, 5, 4,
       1, 1, 8, 8, 8, 6, 9, 5, 3, 8, 9, 9, 5, 5, 9, 5, 7, 9, 5, 9, 3, 3,
       4, 1, 9, 6, 9, 9, 2, 9, 5, 5, 9, 9, 7, 1, 6, 2, 3, 2, 1, 3, 5, 5,
       2, 6, 4, 7, 5, 3, 7, 8, 2, 5, 4, 4, 1, 1, 9, 1, 1, 6, 1, 1, 1]))","(0.15084405002302761, array([7, 5, 6, 5, 5, 3, 4, 3, 6, 7, 3, 9, 6, 6, 6, 2, 6, 8, 8, 9, 5, 9,
       2, 7, 3, 6, 5, 7, 5, 7, 4, 5, 1, 3, 9, 1, 1, 6, 4, 3, 5, 3, 7, 6,
       9, 8, 3, 7, 1, 8, 9, 4, 8, 8, 4, 4, 9, 8, 7, 4, 1, 4, 9, 2, 7, 3,
       9, 4, 6, 3, 4, 8, 6, 6, 7, 4, 5, 5, 7, 3, 9, 5, 1, 8, 1, 2, 3, 2,
       1, 7, 9, 2, 1, 7, 7, 2, 9, 5, 9, 5, 2, 4, 1, 7, 7, 8, 9, 9, 7, 5,
       9, 3, 2, 8, 5, 5, 8, 8, 3, 4, 4, 5, 3, 6, 5, 1, 1, 6, 6, 6, 6]))","(0.27178322173805225, array([4, 7, 7, 7, 1, 1, 3, 1, 6, 8, 9, 9, 6, 3, 6, 3, 3, 2, 2, 7, 3, 5,
       1, 4, 4, 3, 4, 4, 3, 3, 3, 3, 1, 2, 6, 9, 9, 3, 2, 3, 9, 4, 5, 6,
       6, 7, 6, 7, 7, 7, 7, 2, 1, 4, 5, 5, 5, 1, 5, 5, 5, 6, 9, 9, 8, 9,
       1, 1, 7, 6, 6, 7, 9, 9, 9, 3, 2, 4, 1, 8, 4, 5, 2, 5, 2, 1, 5, 4,
       2, 2, 1, 1, 1, 1, 1, 1, 8, 8, 8, 8, 8, 8, 6, 9, 4, 9, 3, 6, 9, 9,
       5, 2, 7, 4, 9, 5, 9, 3, 8, 5, 2, 2, 1, 8, 6, 3, 4, 4, 1, 7, 8]))","(0.26881177595918804, array([1, 4, 5, 4, 9, 8, 8, 8, 5, 6, 1, 1, 5, 5, 5, 2, 5, 4, 4, 4, 1, 8,
       9, 1, 1, 7, 1, 2, 7, 3, 9, 9, 4, 3, 1, 6, 5, 5, 3, 3, 4, 1, 3, 3,
       8, 7, 6, 5, 5, 5, 7, 6, 6, 2, 7, 7, 1, 8, 5, 5, 5, 8, 1, 1, 1, 1,
       3, 3, 5, 4, 4, 5, 4, 4, 6, 2, 7, 2, 9, 9, 9, 6, 6, 6, 6, 6, 3, 1,
       8, 8, 8, 9, 4, 4, 4, 7, 3, 3, 3, 7, 4, 4, 9, 2, 1, 6, 4, 8, 8, 8,
       9, 8, 5, 9, 1, 3, 6, 9, 3, 5, 7, 6, 3, 2, 7, 4, 4, 6, 4, 4, 4]))","(0.3181115008089182, array([7, 9, 2, 4, 4, 6, 7, 7, 2, 7, 8, 8, 2, 2, 2, 5, 5, 4, 4, 4, 5, 5,
       6, 6, 6, 2, 3, 4, 7, 7, 1, 7, 8, 7, 5, 8, 5, 2, 3, 5, 4, 6, 9, 2,
       5, 6, 6, 6, 9, 9, 9, 1, 1, 4, 5, 5, 5, 5, 3, 3, 3, 5, 4, 4, 3, 3,
       4, 4, 2, 5, 5, 6, 2, 2, 8, 5, 8, 4, 6, 6, 5, 8, 8, 8, 8, 8, 9, 6,
       3, 3, 7, 7, 8, 9, 8, 1, 1, 1, 1, 8, 6, 6, 4, 9, 5, 8, 5, 5, 4, 3,
       7, 9, 6, 4, 3, 8, 8, 5, 3, 3, 8, 8, 4, 2, 6, 5, 5, 4, 2, 6, 5]))","(0.20633465594407246, array([7, 7, 1, 7, 6, 4, 9, 4, 1, 1, 6, 6, 2, 7, 1, 6, 6, 4, 4, 4, 7, 2,
       7, 7, 7, 1, 8, 3, 3, 9, 4, 5, 7, 9, 5, 5, 8, 1, 2, 4, 4, 2, 6, 2,
       5, 5, 5, 5, 5, 5, 5, 9, 9, 3, 7, 2, 2, 1, 8, 8, 2, 5, 7, 7, 2, 6,
       6, 9, 8, 4, 4, 5, 1, 1, 5, 6, 9, 9, 8, 7, 1, 4, 3, 4, 3, 4, 4, 2,
       4, 9, 8, 4, 7, 2, 3, 7, 7, 7, 7, 7, 5, 1, 7, 6, 2, 5, 8, 5, 7, 9,
       8, 1, 8, 8, 6, 5, 5, 9, 4, 2, 6, 7, 9, 5, 7, 8, 8, 7, 9, 8, 5]))","(0.3522159634392603, array([5, 4, 2, 6, 9, 7, 9, 7, 2, 7, 8, 8, 2, 2, 2, 9, 2, 6, 6, 5, 4, 4,
       6, 5, 5, 2, 5, 5, 6, 6, 6, 6, 3, 6, 7, 8, 8, 2, 5, 6, 8, 5, 9, 2,
       7, 7, 7, 7, 7, 7, 7, 9, 9, 5, 4, 4, 4, 4, 8, 8, 1, 7, 1, 1, 4, 1,
       1, 1, 2, 9, 9, 7, 2, 2, 8, 9, 3, 5, 3, 6, 2, 9, 9, 9, 6, 3, 9, 5,
       5, 5, 7, 7, 3, 3, 3, 6, 6, 3, 3, 3, 3, 9, 3, 5, 5, 8, 4, 7, 5, 5,
       9, 7, 7, 5, 8, 8, 8, 9, 8, 8, 9, 9, 4, 2, 1, 4, 4, 9, 2, 2, 2]))","(0.342129580425361, array([9, 3, 5, 3, 9, 7, 7, 7, 5, 7, 2, 2, 5, 5, 5, 1, 5, 3, 8, 3, 4, 4,
       7, 9, 9, 5, 7, 7, 8, 1, 8, 8, 7, 1, 9, 2, 2, 5, 1, 4, 8, 9, 2, 5,
       9, 9, 9, 9, 9, 9, 9, 7, 7, 7, 1, 1, 1, 4, 5, 5, 5, 9, 4, 4, 4, 4,
       9, 9, 5, 6, 6, 9, 5, 4, 2, 1, 8, 7, 8, 3, 2, 3, 3, 6, 3, 3, 2, 9,
       3, 6, 7, 7, 7, 4, 4, 7, 6, 2, 2, 2, 7, 9, 8, 7, 1, 2, 8, 9, 1, 1,
       7, 9, 9, 7, 2, 5, 2, 1, 5, 5, 8, 8, 9, 5, 7, 8, 8, 4, 4, 4, 4]))","(0.17560462205217228, array([1, 3, 4, 3, 5, 7, 5, 5, 4, 5, 4, 2, 4, 3, 4, 8, 4, 2, 2, 4, 4, 8,
       2, 3, 3, 9, 7, 6, 5, 2, 5, 7, 2, 2, 1, 9, 4, 6, 6, 2, 7, 2, 2, 4,
       1, 9, 6, 9, 9, 9, 5, 7, 5, 6, 8, 5, 8, 7, 3, 1, 3, 4, 2, 1, 5, 2,
       2, 4, 7, 8, 4, 9, 7, 8, 6, 8, 5, 6, 1, 2, 4, 1, 8, 1, 1, 5, 2, 2,
       7, 6, 3, 1, 9, 5, 5, 2, 1, 7, 3, 7, 9, 5, 5, 6, 2, 9, 7, 9, 6, 6,
       9, 3, 5, 6, 2, 4, 9, 5, 4, 3, 2, 1, 4, 6, 2, 7, 7, 1, 1, 5, 6]))","(0.265556913593368, array([3, 7, 2, 5, 9, 3, 3, 1, 2, 1, 3, 3, 1, 2, 2, 3, 2, 5, 5, 4, 6, 1,
       8, 1, 1, 2, 7, 2, 4, 4, 4, 7, 8, 4, 9, 5, 5, 6, 6, 1, 3, 1, 1, 2,
       9, 1, 7, 5, 5, 5, 5, 7, 7, 2, 1, 1, 8, 4, 4, 4, 4, 9, 3, 3, 8, 3,
       9, 9, 6, 3, 3, 1, 1, 2, 3, 3, 5, 2, 6, 6, 3, 8, 8, 8, 8, 8, 1, 1,
       6, 6, 1, 1, 8, 8, 7, 8, 9, 9, 9, 9, 8, 8, 4, 2, 8, 3, 7, 9, 6, 6,
       3, 3, 9, 7, 7, 4, 7, 9, 4, 4, 5, 5, 9, 2, 8, 1, 1, 1, 5, 9, 6]))","(0.316177773054168, array([1, 6, 9, 6, 7, 8, 8, 2, 9, 1, 2, 2, 9, 9, 9, 9, 9, 1, 1, 7, 2, 2,
       3, 6, 6, 9, 1, 9, 4, 4, 4, 4, 4, 5, 4, 3, 3, 9, 5, 5, 1, 6, 8, 5,
       4, 1, 1, 7, 1, 1, 1, 8, 8, 9, 2, 8, 2, 3, 6, 6, 6, 4, 2, 2, 2, 2,
       7, 7, 9, 6, 6, 7, 9, 9, 6, 5, 3, 9, 3, 3, 3, 3, 3, 5, 3, 3, 8, 3,
       5, 5, 2, 2, 4, 4, 4, 8, 7, 2, 7, 7, 4, 4, 4, 9, 2, 6, 3, 4, 5, 5,
       2, 1, 5, 9, 2, 6, 6, 1, 6, 6, 8, 8, 7, 9, 3, 3, 3, 8, 5, 5, 4]))","(0.33603612380581244, array([7, 5, 1, 5, 2, 5, 5, 5, 1, 6, 7, 4, 1, 1, 1, 3, 9, 3, 3, 5, 9, 7,
       2, 7, 7, 1, 3, 3, 5, 3, 5, 5, 6, 3, 5, 4, 4, 9, 8, 5, 3, 7, 2, 1,
       5, 6, 5, 6, 6, 6, 6, 3, 3, 3, 7, 9, 7, 5, 1, 1, 1, 5, 9, 9, 8, 8,
       2, 2, 1, 7, 7, 6, 1, 1, 4, 6, 8, 3, 2, 2, 2, 9, 9, 9, 9, 2, 2, 6,
       5, 8, 6, 5, 6, 6, 6, 2, 4, 4, 4, 4, 2, 2, 5, 8, 7, 8, 6, 5, 8, 8,
       4, 6, 6, 3, 8, 4, 8, 3, 4, 1, 8, 8, 2, 1, 2, 7, 7, 5, 2, 2, 2]))","(0.3313641785052137, array([6, 2, 5, 2, 4, 3, 3, 3, 5, 8, 7, 7, 5, 5, 5, 8, 5, 2, 1, 9, 9, 9,
       8, 6, 6, 5, 2, 2, 3, 4, 3, 3, 8, 4, 7, 7, 3, 3, 4, 4, 4, 6, 4, 3,
       7, 8, 4, 6, 6, 6, 6, 9, 9, 2, 9, 9, 9, 9, 2, 2, 2, 7, 9, 9, 3, 3,
       4, 4, 5, 8, 8, 6, 5, 5, 7, 8, 6, 2, 6, 8, 8, 6, 6, 6, 6, 6, 9, 6,
       6, 5, 8, 8, 1, 1, 1, 8, 1, 1, 9, 1, 7, 7, 9, 2, 9, 7, 8, 7, 5, 5,
       8, 6, 6, 2, 7, 7, 7, 8, 2, 2, 6, 8, 4, 5, 8, 8, 8, 8, 4, 6, 9]))","(0.26146656274725144, array([7, 5, 8, 5, 1, 3, 3, 3, 8, 7, 3, 3, 8, 8, 8, 6, 8, 4, 4, 5, 4, 4,
       6, 7, 7, 8, 3, 3, 1, 1, 1, 1, 9, 6, 1, 1, 1, 8, 2, 6, 2, 7, 4, 8,
       5, 6, 5, 6, 4, 6, 6, 6, 6, 3, 1, 2, 2, 4, 9, 9, 9, 5, 3, 7, 3, 5,
       2, 4, 8, 7, 7, 6, 8, 8, 3, 1, 3, 2, 3, 6, 3, 2, 2, 4, 4, 4, 4, 6,
       7, 2, 7, 4, 9, 9, 7, 6, 8, 8, 8, 8, 9, 1, 1, 4, 2, 1, 2, 1, 5, 2,
       3, 3, 6, 2, 3, 9, 9, 7, 9, 2, 1, 1, 1, 8, 7, 2, 2, 1, 2, 9, 8]))","(0.32598959624945384, array([6, 9, 3, 9, 3, 6, 6, 6, 3, 5, 8, 8, 3, 3, 3, 4, 4, 9, 4, 6, 7, 7,
       2, 6, 6, 4, 5, 5, 9, 7, 9, 7, 2, 7, 7, 8, 4, 6, 7, 7, 4, 7, 6, 3,
       7, 1, 1, 1, 1, 1, 1, 5, 5, 5, 9, 9, 9, 7, 6, 6, 4, 7, 8, 8, 7, 7,
       1, 3, 3, 2, 9, 5, 3, 3, 8, 4, 2, 5, 5, 5, 3, 8, 8, 8, 8, 8, 6, 7,
       8, 8, 2, 2, 2, 2, 2, 2, 8, 8, 8, 8, 1, 1, 9, 5, 9, 8, 2, 7, 8, 8,
       2, 9, 5, 5, 8, 8, 8, 6, 4, 9, 2, 2, 3, 3, 1, 1, 2, 8, 5, 5, 5]))","(0.26236404860594464, array([2, 2, 6, 6, 5, 9, 9, 3, 6, 3, 4, 9, 6, 3, 6, 8, 3, 6, 3, 6, 9, 9,
       5, 2, 2, 6, 6, 8, 5, 4, 5, 5, 2, 4, 5, 7, 9, 7, 1, 3, 3, 2, 8, 6,
       5, 2, 3, 2, 2, 2, 2, 3, 3, 8, 7, 7, 8, 9, 1, 1, 1, 5, 9, 9, 8, 4,
       4, 4, 6, 5, 5, 2, 2, 6, 7, 2, 8, 6, 8, 9, 1, 8, 8, 8, 8, 8, 8, 2,
       2, 1, 3, 3, 2, 2, 2, 5, 9, 9, 9, 1, 2, 7, 5, 7, 8, 1, 5, 5, 7, 1,
       1, 2, 7, 7, 9, 1, 7, 6, 1, 4, 8, 7, 7, 3, 5, 5, 5, 9, 4, 7, 3]))","(0.30240697440984404, array([9, 9, 6, 9, 9, 4, 4, 4, 6, 2, 5, 5, 6, 6, 6, 5, 5, 1, 1, 9, 5, 2,
       5, 6, 6, 6, 1, 1, 3, 9, 3, 3, 7, 9, 6, 7, 7, 8, 9, 9, 1, 4, 8, 6,
       6, 2, 3, 2, 2, 2, 1, 1, 1, 4, 2, 2, 2, 2, 4, 4, 1, 6, 3, 3, 9, 9,
       9, 9, 6, 2, 3, 2, 6, 6, 7, 5, 3, 4, 1, 5, 6, 8, 4, 4, 8, 8, 8, 4,
       7, 7, 2, 4, 7, 7, 7, 5, 5, 5, 5, 5, 7, 2, 3, 4, 2, 7, 8, 6, 8, 8,
       5, 2, 2, 4, 9, 4, 7, 5, 4, 1, 8, 3, 9, 6, 1, 8, 8, 3, 2, 2, 9]))","(0.1535911243372185, array([3, 7, 2, 7, 4, 3, 5, 6, 2, 2, 1, 1, 3, 2, 2, 8, 9, 9, 5, 9, 5, 5,
       4, 7, 7, 6, 9, 8, 6, 2, 2, 7, 8, 2, 1, 1, 1, 2, 7, 6, 6, 6, 6, 6,
       1, 2, 1, 2, 2, 2, 4, 8, 8, 5, 8, 2, 8, 9, 2, 8, 5, 1, 5, 5, 1, 1,
       5, 5, 4, 1, 1, 2, 4, 2, 4, 4, 5, 9, 8, 8, 1, 2, 7, 3, 2, 9, 5, 6,
       4, 7, 2, 6, 7, 8, 9, 4, 4, 6, 4, 9, 3, 9, 9, 9, 8, 5, 7, 1, 7, 7,
       1, 2, 1, 1, 1, 3, 1, 7, 6, 6, 4, 5, 4, 7, 3, 7, 7, 1, 1, 1, 7]))","(0.1502462181599178, array([7, 3, 7, 3, 4, 8, 8, 5, 7, 2, 7, 9, 7, 8, 7, 7, 8, 3, 3, 3, 8, 4,
       1, 7, 7, 6, 6, 7, 3, 8, 8, 8, 6, 5, 9, 9, 6, 7, 5, 5, 5, 6, 5, 6,
       9, 5, 7, 6, 1, 2, 5, 8, 1, 7, 5, 4, 9, 7, 4, 4, 4, 9, 1, 8, 6, 8,
       9, 4, 3, 2, 8, 6, 9, 9, 7, 2, 2, 2, 2, 1, 9, 4, 6, 2, 1, 8, 5, 6,
       5, 1, 5, 5, 6, 6, 1, 1, 6, 5, 5, 5, 5, 5, 3, 8, 9, 7, 9, 4, 5, 5,
       4, 1, 1, 5, 9, 7, 7, 8, 5, 6, 2, 2, 4, 3, 4, 9, 9, 9, 9, 1, 3]))","(0.30791883657491054, array([5, 5, 4, 5, 3, 6, 6, 8, 4, 2, 2, 2, 4, 6, 4, 1, 4, 5, 5, 1, 2, 9,
       2, 5, 5, 4, 3, 3, 1, 1, 1, 1, 8, 1, 9, 7, 9, 4, 1, 7, 3, 5, 3, 4,
       9, 8, 8, 2, 8, 8, 8, 3, 3, 3, 9, 9, 9, 5, 9, 9, 9, 9, 2, 1, 7, 7,
       3, 3, 4, 6, 6, 8, 1, 4, 7, 1, 5, 3, 5, 5, 3, 7, 7, 7, 7, 6, 3, 5,
       9, 9, 2, 8, 8, 6, 8, 2, 2, 2, 2, 2, 8, 9, 1, 3, 9, 7, 2, 9, 9, 9,
       2, 8, 2, 3, 7, 7, 7, 1, 9, 6, 1, 1, 3, 4, 2, 8, 8, 7, 4, 2, 3]))","(0.19217268336462726, array([6, 7, 6, 7, 7, 1, 9, 1, 8, 7, 8, 2, 6, 8, 6, 9, 8, 3, 7, 7, 8, 2,
       7, 6, 6, 6, 2, 2, 1, 1, 3, 5, 3, 4, 5, 2, 2, 4, 7, 4, 7, 6, 1, 6,
       5, 3, 3, 3, 3, 3, 8, 1, 1, 8, 2, 2, 2, 9, 7, 7, 8, 5, 9, 9, 2, 1,
       4, 1, 6, 8, 4, 1, 6, 7, 2, 9, 5, 9, 5, 9, 8, 5, 5, 5, 5, 5, 3, 6,
       9, 7, 1, 1, 2, 3, 3, 7, 4, 3, 9, 4, 2, 9, 4, 8, 9, 2, 1, 5, 7, 8,
       4, 4, 4, 9, 2, 2, 5, 9, 7, 3, 9, 9, 8, 5, 4, 7, 1, 1, 5, 4, 5]))"
SS,265,"(0.17395734246216416, array([7, 6, 1, 1, 4, 4, 5, 4, 4, 8, 7, 3, 1, 1, 5, 2, 5, 3, 3, 3, 3, 4,
       3, 6, 7, 7, 9, 3, 4, 5, 4, 6, 7, 1, 2, 6, 6, 6, 6, 2, 7, 3, 5, 5,
       2, 4, 4, 9, 8, 4, 2, 4, 3, 9, 9, 2, 5, 5, 7, 5, 5, 5, 8, 7, 2, 2,
       6, 6, 9, 6, 9, 9, 7, 4, 4, 4, 4, 5, 4, 1, 3, 1, 3, 5, 7, 4, 2, 2,
       3, 9, 2, 5, 1, 6, 2, 2, 5, 5, 2, 2, 3, 1, 7, 7, 1, 2, 2, 6, 2, 1,
       6, 2, 5, 8, 1, 3, 1, 2, 2, 9, 9, 9, 1, 9, 7, 7, 2, 7, 7, 6, 1, 6,
       7, 2, 1, 8, 3, 4, 8, 6, 3, 9, 7, 3, 1, 1, 3, 7, 3, 9, 1, 5, 8, 8,
       2, 4, 8, 8, 6, 9, 7, 9, 9, 9, 7, 1, 2, 7, 3, 9, 3, 3, 7, 4, 3, 3,
       8]))","(0.20537733323460222, array([1, 8, 8, 8, 2, 2, 8, 5, 8, 9, 4, 4, 3, 3, 8, 5, 5, 3, 9, 3, 7, 7,
       9, 1, 1, 1, 6, 3, 5, 5, 5, 8, 9, 7, 7, 7, 7, 3, 6, 4, 8, 2, 9, 9,
       4, 8, 3, 3, 3, 9, 4, 6, 7, 7, 8, 1, 1, 6, 4, 3, 1, 6, 4, 8, 1, 1,
       9, 1, 1, 1, 9, 1, 7, 7, 7, 7, 7, 3, 6, 2, 1, 5, 5, 6, 4, 4, 8, 2,
       3, 2, 6, 5, 4, 4, 1, 3, 8, 2, 1, 6, 3, 3, 4, 4, 9, 1, 7, 1, 1, 1,
       2, 7, 2, 2, 3, 6, 8, 6, 6, 9, 5, 4, 4, 4, 5, 5, 1, 2, 2, 2, 1, 9,
       9, 4, 2, 3, 6, 1, 2, 6, 1, 5, 6, 9, 8, 5, 7, 2, 9, 7, 4, 8, 5, 2,
       7, 7, 7, 7, 9, 7, 7, 9, 3, 3, 3, 3, 6, 9, 9, 9, 9, 9, 9, 9, 5, 5,
       7]))","(0.1940450897408878, array([7, 5, 5, 5, 6, 1, 2, 8, 8, 1, 9, 9, 2, 6, 7, 7, 7, 6, 6, 6, 4, 3,
       7, 9, 4, 9, 3, 5, 7, 7, 9, 1, 6, 3, 9, 8, 1, 6, 5, 4, 9, 4, 2, 2,
       4, 7, 7, 7, 1, 4, 7, 4, 9, 9, 6, 7, 5, 4, 7, 5, 9, 5, 4, 2, 6, 9,
       1, 1, 9, 9, 9, 9, 3, 5, 5, 5, 2, 5, 2, 4, 8, 9, 3, 7, 6, 6, 2, 2,
       5, 3, 5, 7, 1, 8, 9, 5, 7, 4, 8, 5, 4, 8, 8, 4, 5, 8, 8, 8, 8, 4,
       8, 4, 9, 1, 6, 6, 6, 2, 2, 6, 9, 2, 6, 3, 3, 2, 2, 9, 9, 7, 8, 5,
       6, 6, 9, 1, 1, 5, 3, 3, 5, 5, 6, 6, 1, 9, 4, 8, 9, 4, 9, 3, 2, 3,
       4, 5, 1, 1, 4, 6, 6, 1, 3, 1, 3, 3, 3, 7, 7, 7, 7, 7, 7, 7, 7, 1,
       1]))","(0.2449540330711263, array([4, 4, 9, 4, 2, 4, 6, 9, 9, 8, 2, 2, 6, 6, 6, 6, 6, 9, 9, 6, 2, 4,
       4, 1, 1, 9, 4, 8, 7, 7, 3, 8, 9, 6, 4, 5, 5, 2, 8, 4, 2, 3, 6, 6,
       6, 2, 8, 2, 8, 8, 2, 3, 7, 2, 6, 7, 1, 9, 4, 3, 7, 3, 8, 9, 9, 2,
       6, 2, 2, 2, 2, 9, 9, 3, 3, 3, 3, 1, 7, 5, 5, 5, 5, 1, 8, 2, 9, 9,
       7, 7, 1, 6, 4, 6, 9, 9, 6, 9, 3, 3, 3, 3, 2, 5, 8, 2, 5, 3, 3, 3,
       9, 1, 9, 4, 2, 6, 6, 8, 7, 1, 1, 1, 5, 1, 6, 6, 6, 6, 6, 6, 9, 8,
       8, 8, 5, 8, 3, 1, 7, 9, 9, 2, 8, 9, 9, 2, 4, 2, 9, 1, 4, 1, 8, 4,
       4, 3, 5, 5, 1, 8, 8, 7, 7, 7, 7, 7, 4, 8, 7, 8, 7, 8, 7, 3, 3, 3,
       5]))","(0.29828307539829463, array([7, 8, 8, 8, 6, 6, 6, 9, 9, 5, 5, 5, 4, 3, 6, 6, 6, 3, 3, 3, 6, 2,
       2, 5, 5, 9, 8, 8, 3, 2, 4, 6, 1, 2, 8, 3, 8, 3, 3, 9, 9, 5, 5, 5,
       5, 4, 9, 4, 9, 1, 9, 3, 6, 6, 6, 7, 7, 6, 7, 6, 6, 6, 9, 1, 1, 7,
       9, 9, 3, 9, 7, 9, 6, 5, 4, 5, 5, 4, 3, 5, 9, 7, 7, 7, 6, 6, 8, 8,
       1, 2, 1, 6, 4, 4, 6, 6, 6, 6, 1, 1, 1, 4, 5, 5, 3, 2, 2, 3, 8, 8,
       6, 4, 3, 4, 3, 3, 3, 8, 8, 8, 8, 8, 8, 8, 2, 2, 3, 9, 4, 4, 1, 7,
       1, 1, 5, 7, 2, 7, 4, 1, 1, 5, 7, 3, 8, 7, 5, 5, 3, 2, 1, 3, 7, 9,
       5, 5, 2, 2, 3, 2, 2, 2, 2, 2, 2, 2, 8, 1, 7, 4, 1, 1, 7, 3, 3, 2,
       2]))","(0.25934860248004965, array([6, 5, 4, 5, 9, 9, 9, 4, 4, 1, 9, 1, 3, 6, 9, 9, 9, 8, 8, 8, 2, 7,
       7, 4, 4, 4, 3, 3, 3, 3, 3, 9, 5, 7, 5, 2, 7, 2, 8, 5, 5, 3, 9, 9,
       9, 5, 4, 4, 7, 1, 6, 7, 2, 2, 9, 4, 8, 5, 1, 5, 5, 4, 5, 9, 5, 6,
       6, 3, 6, 6, 6, 4, 1, 7, 7, 7, 7, 8, 6, 2, 5, 1, 5, 8, 5, 5, 6, 6,
       1, 1, 1, 9, 3, 3, 9, 9, 9, 8, 8, 7, 8, 8, 3, 9, 8, 1, 2, 6, 6, 3,
       6, 2, 1, 4, 2, 2, 2, 3, 3, 5, 1, 1, 4, 4, 7, 7, 6, 2, 2, 2, 1, 6,
       5, 5, 2, 7, 7, 8, 4, 7, 6, 1, 5, 4, 5, 1, 7, 3, 8, 6, 3, 8, 1, 9,
       7, 7, 2, 2, 4, 6, 6, 1, 1, 7, 1, 7, 3, 6, 6, 7, 6, 7, 3, 3, 3, 3,
       2]))","(0.31943170749767885, array([2, 8, 2, 8, 8, 8, 9, 5, 6, 4, 4, 4, 5, 6, 9, 9, 9, 4, 7, 9, 4, 9,
       9, 2, 1, 1, 8, 2, 1, 2, 1, 9, 7, 4, 4, 4, 4, 7, 7, 8, 3, 2, 9, 9,
       4, 3, 3, 3, 8, 4, 3, 1, 4, 4, 9, 5, 5, 6, 2, 6, 6, 6, 8, 2, 7, 1,
       1, 1, 1, 1, 8, 8, 4, 1, 1, 1, 1, 5, 5, 4, 7, 2, 2, 5, 7, 8, 8, 8,
       4, 9, 5, 9, 5, 5, 6, 6, 9, 7, 5, 5, 5, 5, 4, 4, 7, 2, 6, 6, 6, 6,
       7, 4, 6, 3, 7, 7, 7, 6, 6, 5, 5, 5, 7, 7, 4, 4, 6, 5, 5, 5, 7, 1,
       4, 7, 4, 2, 3, 5, 3, 3, 3, 3, 7, 7, 8, 4, 4, 4, 9, 3, 8, 5, 4, 3,
       6, 1, 6, 6, 1, 3, 3, 9, 9, 9, 9, 9, 3, 3, 3, 3, 3, 3, 2, 1, 9, 3,
       6]))","(0.2472808596442262, array([3, 6, 4, 6, 1, 1, 5, 1, 1, 3, 3, 3, 2, 9, 5, 5, 5, 4, 8, 5, 6, 2,
       2, 1, 9, 5, 6, 6, 8, 9, 8, 9, 8, 5, 5, 9, 5, 6, 1, 6, 6, 3, 5, 9,
       5, 4, 4, 4, 4, 6, 3, 9, 6, 6, 7, 2, 3, 7, 3, 7, 2, 7, 9, 8, 8, 1,
       5, 5, 5, 5, 5, 5, 1, 1, 6, 6, 1, 3, 8, 5, 8, 8, 8, 3, 4, 6, 2, 2,
       8, 6, 8, 5, 2, 2, 6, 4, 9, 5, 4, 4, 8, 8, 3, 3, 1, 5, 1, 1, 1, 7,
       5, 2, 7, 6, 6, 4, 6, 2, 2, 4, 9, 9, 7, 9, 1, 1, 9, 1, 4, 4, 9, 5,
       7, 4, 5, 4, 8, 3, 9, 4, 4, 7, 7, 8, 6, 8, 3, 3, 6, 2, 5, 3, 3, 6,
       3, 6, 3, 3, 7, 2, 2, 2, 2, 2, 2, 2, 7, 2, 1, 1, 1, 1, 1, 8, 8, 9,
       3]))","(0.2527312444107746, array([2, 4, 4, 4, 9, 2, 5, 8, 8, 1, 1, 1, 8, 3, 5, 5, 5, 6, 5, 3, 9, 6,
       6, 3, 9, 5, 4, 5, 8, 8, 8, 9, 7, 6, 9, 6, 6, 8, 8, 9, 3, 7, 5, 3,
       1, 7, 4, 6, 9, 2, 3, 8, 9, 4, 5, 7, 2, 8, 2, 8, 8, 8, 9, 7, 3, 5,
       5, 5, 5, 4, 9, 5, 5, 2, 2, 2, 6, 6, 6, 1, 5, 1, 3, 2, 3, 9, 4, 4,
       2, 2, 2, 5, 8, 8, 8, 8, 1, 5, 2, 2, 2, 2, 1, 1, 8, 5, 3, 3, 3, 3,
       7, 9, 9, 9, 8, 8, 8, 3, 3, 4, 4, 4, 4, 4, 3, 3, 3, 6, 4, 6, 3, 9,
       6, 7, 5, 9, 5, 3, 9, 6, 6, 9, 7, 7, 3, 1, 7, 7, 9, 4, 5, 9, 1, 2,
       7, 2, 8, 3, 2, 4, 4, 4, 6, 6, 4, 2, 4, 9, 6, 7, 7, 6, 6, 8, 8, 5,
       8]))","(0.31854099145026515, array([2, 3, 3, 3, 7, 7, 8, 2, 2, 6, 4, 4, 2, 1, 8, 8, 8, 8, 1, 8, 8, 3,
       3, 4, 3, 5, 3, 2, 9, 9, 9, 8, 1, 4, 4, 4, 4, 1, 9, 4, 1, 4, 8, 8,
       4, 1, 1, 1, 9, 4, 3, 9, 8, 8, 8, 4, 5, 5, 2, 5, 5, 5, 9, 1, 1, 1,
       5, 1, 5, 1, 5, 5, 2, 2, 2, 2, 2, 9, 9, 6, 9, 9, 4, 5, 5, 7, 9, 9,
       2, 6, 7, 8, 6, 2, 8, 5, 8, 8, 7, 7, 7, 7, 4, 4, 9, 4, 4, 5, 5, 5,
       8, 8, 2, 5, 1, 9, 9, 6, 4, 8, 8, 8, 8, 8, 4, 4, 1, 7, 7, 7, 1, 5,
       1, 1, 6, 9, 8, 9, 5, 7, 7, 4, 1, 1, 4, 4, 2, 4, 1, 2, 6, 4, 4, 3,
       2, 6, 7, 4, 8, 2, 2, 6, 6, 9, 6, 6, 2, 3, 3, 3, 3, 3, 6, 9, 9, 9,
       8]))","(0.2604892316630687, array([7, 4, 2, 4, 5, 5, 6, 7, 2, 8, 3, 1, 2, 2, 6, 6, 6, 7, 7, 7, 8, 6,
       6, 4, 3, 9, 2, 1, 5, 5, 5, 6, 7, 8, 8, 8, 4, 2, 2, 5, 8, 1, 7, 7,
       7, 1, 1, 1, 5, 6, 7, 5, 5, 5, 2, 9, 9, 6, 7, 6, 3, 6, 5, 7, 7, 1,
       9, 1, 1, 1, 1, 1, 9, 2, 8, 4, 8, 9, 7, 4, 7, 8, 8, 4, 7, 5, 4, 4,
       2, 1, 2, 8, 8, 2, 6, 6, 6, 6, 2, 2, 9, 2, 1, 1, 3, 1, 5, 5, 5, 5,
       6, 5, 2, 9, 2, 8, 8, 8, 4, 9, 1, 1, 9, 9, 4, 4, 6, 3, 3, 3, 7, 1,
       7, 7, 4, 5, 3, 9, 9, 7, 7, 7, 7, 7, 4, 1, 4, 1, 7, 5, 9, 9, 3, 9,
       4, 8, 5, 5, 9, 5, 5, 1, 1, 1, 3, 1, 2, 6, 7, 6, 6, 6, 7, 5, 3, 3,
       7]))","(0.2191375077608353, array([7, 8, 7, 2, 2, 2, 1, 5, 3, 1, 2, 5, 1, 7, 1, 1, 1, 9, 9, 1, 2, 7,
       7, 2, 2, 2, 8, 4, 6, 6, 6, 7, 7, 2, 2, 2, 3, 3, 8, 5, 6, 4, 5, 5,
       7, 4, 3, 6, 6, 5, 8, 6, 5, 2, 1, 3, 9, 9, 7, 4, 4, 4, 8, 1, 7, 2,
       3, 2, 2, 2, 6, 2, 8, 8, 1, 5, 8, 9, 6, 5, 2, 5, 2, 9, 3, 5, 2, 7,
       3, 8, 8, 7, 3, 9, 4, 4, 4, 2, 9, 8, 8, 8, 5, 8, 8, 6, 7, 9, 1, 4,
       2, 5, 8, 6, 3, 4, 3, 1, 1, 1, 1, 4, 1, 1, 3, 2, 7, 1, 1, 1, 6, 4,
       7, 7, 1, 6, 1, 9, 6, 8, 8, 5, 1, 9, 2, 5, 5, 5, 9, 1, 8, 9, 4, 6,
       1, 1, 9, 7, 7, 6, 1, 5, 8, 8, 8, 5, 8, 5, 6, 5, 6, 7, 6, 6, 6, 6,
       9]))","(0.31042985059324113, array([8, 6, 9, 6, 1, 1, 1, 6, 6, 4, 4, 4, 1, 9, 1, 5, 1, 7, 7, 1, 1, 5,
       5, 5, 5, 5, 6, 6, 8, 8, 8, 1, 2, 3, 3, 3, 3, 2, 6, 3, 3, 4, 3, 3,
       4, 1, 1, 1, 3, 6, 8, 8, 1, 1, 1, 8, 9, 2, 8, 2, 2, 2, 3, 5, 2, 4,
       5, 5, 5, 5, 5, 4, 1, 8, 8, 8, 8, 9, 8, 4, 2, 2, 2, 9, 5, 1, 9, 9,
       7, 7, 8, 1, 6, 1, 2, 2, 9, 5, 8, 8, 8, 8, 4, 4, 2, 2, 7, 7, 7, 6,
       1, 1, 6, 9, 2, 2, 2, 7, 7, 3, 3, 3, 3, 3, 3, 3, 9, 3, 3, 3, 2, 5,
       7, 2, 4, 8, 4, 6, 9, 8, 8, 4, 7, 7, 6, 4, 4, 4, 7, 1, 8, 6, 4, 9,
       4, 8, 7, 7, 5, 1, 6, 5, 7, 7, 5, 5, 9, 5, 5, 5, 6, 5, 5, 8, 8, 7,
       7]))","(0.22015923240355204, array([2, 9, 6, 9, 6, 3, 1, 1, 9, 2, 2, 2, 5, 5, 1, 1, 1, 3, 8, 8, 7, 2,
       2, 2, 2, 4, 4, 2, 7, 7, 7, 1, 8, 1, 3, 6, 9, 4, 8, 9, 3, 2, 7, 7,
       3, 4, 9, 4, 5, 9, 2, 3, 7, 7, 1, 4, 1, 7, 2, 7, 7, 7, 9, 4, 6, 3,
       4, 4, 6, 4, 4, 4, 1, 5, 5, 5, 5, 1, 1, 2, 4, 9, 6, 1, 3, 3, 6, 9,
       9, 2, 9, 1, 5, 5, 3, 7, 1, 8, 7, 8, 9, 9, 8, 2, 8, 3, 3, 8, 8, 2,
       1, 7, 3, 5, 8, 4, 8, 7, 7, 3, 3, 3, 8, 4, 1, 1, 2, 6, 5, 6, 2, 9,
       2, 2, 2, 5, 9, 1, 5, 8, 6, 2, 8, 8, 9, 9, 7, 2, 2, 4, 9, 9, 3, 5,
       7, 5, 5, 3, 4, 1, 4, 3, 8, 9, 3, 6, 4, 4, 2, 4, 6, 4, 4, 7, 8, 8,
       5]))","(0.35219026435256123, array([2, 6, 6, 6, 1, 1, 9, 7, 7, 2, 2, 2, 3, 3, 9, 9, 9, 1, 1, 9, 5, 4,
       4, 2, 2, 4, 7, 7, 7, 7, 7, 3, 1, 3, 3, 3, 3, 1, 6, 3, 3, 6, 8, 8,
       2, 8, 8, 8, 7, 9, 2, 7, 5, 5, 9, 9, 9, 5, 2, 5, 5, 5, 9, 1, 1, 4,
       4, 4, 4, 4, 4, 4, 2, 9, 9, 9, 9, 9, 7, 2, 2, 2, 2, 9, 1, 1, 6, 6,
       6, 3, 6, 7, 3, 3, 5, 5, 9, 9, 6, 6, 6, 6, 2, 2, 6, 1, 5, 7, 7, 7,
       8, 5, 7, 7, 1, 8, 8, 7, 8, 1, 1, 1, 2, 1, 1, 3, 5, 2, 3, 2, 1, 2,
       1, 1, 3, 7, 7, 9, 7, 6, 9, 2, 8, 8, 6, 2, 6, 6, 3, 5, 4, 9, 2, 7,
       6, 9, 5, 5, 6, 7, 7, 3, 3, 3, 3, 3, 9, 4, 4, 4, 4, 4, 4, 7, 7, 7,
       5]))","(0.2699809467934222, array([8, 1, 1, 8, 1, 1, 9, 6, 6, 4, 7, 2, 2, 8, 9, 9, 9, 9, 6, 9, 1, 6,
       6, 7, 7, 3, 9, 9, 2, 2, 2, 9, 4, 3, 5, 3, 8, 5, 5, 5, 5, 3, 9, 9,
       7, 5, 5, 5, 6, 5, 9, 2, 1, 1, 9, 5, 2, 8, 8, 8, 5, 5, 5, 4, 6, 3,
       5, 3, 5, 3, 3, 4, 2, 9, 9, 9, 9, 1, 2, 4, 2, 2, 2, 4, 1, 1, 1, 1,
       5, 5, 7, 9, 2, 2, 1, 8, 9, 9, 7, 7, 7, 7, 8, 8, 5, 3, 7, 6, 6, 9,
       9, 1, 6, 3, 5, 5, 3, 1, 1, 6, 1, 4, 6, 1, 3, 3, 8, 8, 2, 8, 4, 9,
       9, 4, 2, 6, 8, 2, 3, 9, 9, 3, 4, 6, 8, 2, 8, 8, 5, 3, 7, 4, 3, 3,
       8, 9, 7, 7, 9, 1, 1, 5, 5, 5, 5, 5, 9, 6, 8, 6, 6, 6, 4, 2, 2, 8,
       7]))","(0.31878805657292897, array([2, 6, 6, 6, 3, 3, 8, 2, 2, 9, 9, 9, 5, 5, 8, 8, 8, 1, 1, 8, 1, 3,
       2, 4, 4, 4, 7, 1, 4, 4, 4, 8, 1, 8, 8, 8, 8, 9, 9, 2, 2, 5, 8, 8,
       9, 2, 5, 2, 5, 2, 2, 4, 3, 1, 8, 2, 2, 6, 2, 6, 6, 6, 5, 5, 1, 4,
       4, 4, 4, 4, 4, 4, 4, 4, 4, 4, 4, 7, 7, 7, 1, 1, 9, 2, 3, 3, 6, 6,
       2, 2, 7, 8, 5, 5, 6, 6, 8, 8, 7, 3, 3, 5, 5, 9, 9, 7, 7, 7, 7, 7,
       6, 3, 1, 3, 9, 9, 9, 7, 7, 3, 9, 9, 9, 9, 9, 9, 9, 4, 4, 4, 3, 4,
       7, 7, 7, 5, 1, 7, 5, 5, 3, 9, 7, 1, 4, 9, 4, 5, 9, 1, 3, 2, 9, 5,
       4, 4, 6, 6, 9, 1, 1, 2, 2, 2, 2, 3, 7, 1, 5, 1, 1, 5, 1, 4, 4, 6,
       6]))","(0.28940653106327713, array([9, 9, 9, 9, 7, 7, 1, 4, 4, 2, 2, 2, 2, 2, 1, 1, 1, 2, 2, 2, 3, 4,
       4, 5, 5, 1, 9, 4, 5, 5, 5, 1, 2, 7, 5, 5, 5, 3, 1, 6, 6, 2, 9, 9,
       2, 3, 3, 3, 6, 6, 9, 8, 3, 3, 8, 9, 9, 4, 9, 4, 4, 4, 6, 3, 2, 1,
       1, 1, 6, 6, 1, 1, 8, 9, 9, 9, 9, 2, 2, 1, 9, 9, 9, 9, 7, 7, 5, 5,
       7, 4, 4, 5, 2, 2, 4, 4, 1, 6, 4, 4, 4, 4, 2, 2, 1, 1, 6, 2, 2, 2,
       6, 5, 4, 6, 3, 3, 3, 2, 2, 8, 8, 8, 8, 7, 7, 7, 1, 1, 1, 1, 7, 1,
       2, 2, 1, 6, 4, 9, 8, 7, 7, 6, 8, 6, 4, 9, 2, 8, 2, 5, 4, 9, 7, 6,
       9, 8, 7, 6, 2, 5, 5, 4, 4, 4, 8, 4, 9, 3, 3, 3, 3, 3, 3, 3, 5, 7,
       7]))","(0.21340944173250326, array([7, 4, 5, 4, 5, 5, 9, 6, 6, 1, 5, 5, 6, 5, 9, 9, 9, 8, 3, 9, 3, 7,
       7, 5, 6, 5, 4, 3, 2, 2, 8, 9, 6, 3, 4, 1, 1, 6, 4, 4, 4, 5, 2, 2,
       8, 4, 4, 4, 4, 4, 7, 8, 3, 4, 9, 3, 5, 2, 7, 2, 7, 2, 7, 6, 7, 5,
       8, 8, 8, 5, 5, 5, 9, 6, 3, 6, 7, 5, 2, 2, 3, 3, 6, 5, 8, 5, 4, 1,
       8, 1, 3, 9, 6, 4, 7, 2, 9, 9, 9, 3, 9, 3, 5, 1, 9, 2, 7, 2, 1, 1,
       9, 4, 1, 7, 1, 1, 3, 8, 1, 2, 8, 8, 8, 8, 3, 8, 5, 9, 9, 9, 7, 1,
       1, 7, 9, 7, 3, 5, 6, 3, 8, 3, 7, 3, 4, 1, 5, 5, 6, 5, 9, 5, 5, 3,
       6, 6, 9, 1, 1, 5, 5, 2, 2, 2, 2, 2, 3, 8, 4, 8, 4, 4, 8, 2, 2, 2,
       9]))","(0.34278612562015476, array([6, 8, 8, 8, 7, 7, 6, 2, 2, 5, 8, 5, 8, 9, 6, 6, 6, 3, 3, 6, 4, 7,
       7, 8, 8, 8, 8, 8, 5, 5, 5, 6, 3, 8, 8, 8, 8, 2, 2, 8, 8, 5, 9, 9,
       8, 4, 4, 4, 4, 8, 6, 2, 4, 4, 6, 4, 4, 4, 6, 9, 9, 9, 4, 3, 3, 1,
       1, 3, 1, 1, 1, 1, 8, 9, 2, 9, 9, 4, 4, 3, 1, 1, 1, 4, 6, 7, 8, 1,
       3, 4, 3, 5, 8, 8, 9, 9, 6, 6, 3, 3, 3, 3, 5, 5, 2, 7, 7, 7, 7, 7,
       1, 1, 2, 5, 2, 2, 2, 3, 3, 5, 5, 2, 5, 5, 8, 8, 9, 1, 1, 1, 3, 3,
       3, 3, 3, 4, 4, 4, 5, 3, 3, 5, 3, 2, 8, 5, 9, 5, 3, 1, 3, 4, 5, 5,
       9, 2, 7, 7, 1, 1, 1, 4, 4, 4, 4, 4, 8, 7, 7, 7, 7, 7, 7, 5, 5, 4,
       4]))","(0.3443503967282028, array([4, 1, 1, 1, 2, 4, 3, 2, 2, 7, 7, 7, 6, 6, 3, 3, 3, 3, 8, 3, 2, 5,
       5, 4, 4, 8, 1, 1, 8, 8, 8, 3, 8, 5, 2, 5, 5, 7, 1, 2, 4, 7, 3, 3,
       4, 4, 1, 4, 2, 7, 6, 6, 2, 2, 3, 5, 5, 9, 4, 9, 2, 9, 2, 8, 8, 8,
       8, 8, 8, 1, 8, 8, 6, 5, 5, 5, 5, 4, 4, 7, 2, 2, 2, 5, 2, 2, 1, 7,
       6, 6, 3, 3, 6, 6, 2, 9, 3, 3, 3, 3, 3, 3, 7, 7, 1, 3, 9, 9, 9, 9,
       3, 4, 4, 6, 7, 7, 7, 9, 9, 7, 4, 7, 7, 7, 5, 5, 6, 9, 9, 9, 8, 8,
       8, 8, 7, 2, 4, 4, 6, 2, 2, 7, 7, 6, 1, 2, 7, 7, 8, 1, 3, 5, 2, 6,
       7, 5, 9, 9, 7, 1, 1, 6, 6, 6, 6, 5, 4, 5, 5, 5, 5, 5, 5, 8, 8, 4,
       5]))","(0.28808647706495183, array([3, 8, 8, 8, 4, 4, 7, 7, 7, 3, 9, 3, 2, 8, 7, 7, 7, 2, 4, 2, 2, 4,
       4, 9, 9, 9, 5, 7, 5, 5, 8, 7, 4, 6, 5, 3, 6, 4, 6, 6, 8, 3, 2, 2,
       1, 6, 8, 8, 6, 9, 3, 5, 3, 3, 7, 9, 7, 1, 3, 8, 1, 1, 6, 4, 4, 6,
       6, 9, 6, 6, 9, 6, 9, 9, 9, 9, 9, 7, 5, 8, 2, 3, 5, 7, 4, 4, 8, 2,
       3, 4, 6, 1, 8, 2, 1, 1, 7, 7, 1, 1, 1, 1, 9, 9, 6, 7, 4, 6, 5, 5,
       7, 3, 7, 9, 4, 4, 4, 7, 7, 3, 3, 3, 3, 3, 6, 6, 8, 8, 2, 2, 4, 3,
       4, 4, 8, 9, 7, 7, 9, 1, 6, 3, 4, 4, 8, 3, 9, 9, 2, 1, 1, 8, 3, 9,
       9, 9, 4, 4, 3, 1, 1, 4, 4, 4, 4, 4, 5, 1, 5, 5, 5, 1, 5, 5, 5, 5,
       4]))","(0.24254319011625589, array([5, 3, 3, 3, 6, 6, 4, 5, 2, 1, 3, 8, 3, 3, 4, 7, 4, 9, 4, 2, 6, 3,
       5, 2, 2, 1, 2, 2, 6, 6, 6, 2, 4, 2, 4, 4, 4, 4, 2, 4, 5, 8, 4, 2,
       7, 1, 7, 1, 5, 4, 9, 6, 6, 6, 5, 3, 6, 8, 5, 8, 8, 8, 5, 4, 4, 1,
       1, 9, 1, 1, 1, 7, 1, 9, 9, 6, 2, 6, 6, 2, 7, 8, 8, 6, 6, 6, 1, 2,
       8, 8, 1, 4, 3, 3, 1, 1, 4, 7, 8, 1, 8, 1, 8, 9, 9, 9, 9, 1, 1, 1,
       4, 7, 2, 6, 4, 4, 4, 1, 8, 8, 3, 3, 3, 3, 7, 7, 7, 1, 2, 9, 4, 7,
       4, 4, 2, 5, 4, 6, 6, 7, 7, 4, 9, 3, 5, 8, 8, 8, 7, 1, 8, 6, 8, 6,
       6, 9, 6, 2, 3, 1, 1, 8, 8, 8, 8, 8, 2, 5, 8, 8, 5, 5, 8, 6, 6, 6,
       6]))","(0.2859711154527486, array([3, 6, 6, 6, 4, 2, 6, 9, 8, 4, 5, 1, 8, 1, 6, 6, 6, 6, 6, 6, 3, 2,
       4, 5, 5, 8, 9, 9, 7, 7, 7, 6, 5, 5, 1, 5, 3, 7, 3, 1, 7, 1, 6, 6,
       5, 7, 7, 7, 1, 5, 3, 7, 2, 2, 6, 5, 6, 8, 3, 8, 8, 8, 6, 4, 5, 8,
       8, 9, 9, 8, 8, 8, 8, 4, 4, 4, 4, 7, 7, 1, 8, 8, 8, 6, 1, 4, 2, 2,
       5, 3, 9, 6, 8, 8, 8, 8, 6, 9, 9, 5, 5, 9, 1, 2, 3, 9, 9, 2, 2, 9,
       9, 2, 3, 4, 7, 7, 7, 9, 9, 1, 3, 1, 1, 1, 3, 3, 1, 3, 8, 9, 2, 1,
       2, 3, 1, 1, 6, 7, 4, 5, 5, 3, 5, 5, 6, 8, 1, 1, 6, 9, 6, 6, 9, 3,
       1, 5, 7, 2, 1, 9, 9, 3, 2, 3, 3, 2, 9, 4, 4, 4, 4, 4, 4, 7, 7, 6,
       7]))","(0.2503517295982593, array([2, 4, 4, 4, 8, 2, 7, 9, 1, 5, 6, 6, 3, 5, 7, 7, 7, 4, 3, 7, 9, 9,
       9, 4, 4, 2, 5, 1, 1, 1, 1, 9, 3, 4, 1, 1, 4, 8, 5, 8, 3, 6, 2, 2,
       8, 3, 3, 3, 8, 4, 2, 1, 9, 9, 9, 3, 3, 6, 2, 6, 6, 5, 8, 3, 3, 2,
       4, 2, 3, 2, 4, 2, 2, 1, 1, 1, 1, 3, 5, 7, 2, 2, 8, 3, 1, 8, 5, 4,
       2, 5, 3, 7, 3, 3, 6, 6, 7, 4, 3, 4, 4, 3, 4, 6, 3, 4, 8, 7, 7, 5,
       4, 2, 8, 8, 3, 3, 3, 7, 7, 7, 7, 7, 6, 8, 5, 4, 2, 3, 3, 3, 3, 4,
       8, 2, 7, 6, 6, 3, 8, 9, 4, 6, 8, 3, 4, 6, 1, 6, 3, 2, 2, 3, 4, 8,
       1, 1, 1, 8, 8, 2, 5, 5, 9, 5, 5, 5, 2, 7, 5, 9, 9, 9, 9, 1, 1, 1,
       1]))","(0.1707604479354754, array([4, 2, 8, 2, 6, 4, 9, 9, 9, 3, 3, 7, 6, 6, 1, 9, 9, 2, 2, 9, 6, 1,
       6, 3, 3, 3, 2, 2, 8, 8, 8, 9, 6, 7, 4, 6, 6, 9, 2, 5, 4, 7, 9, 9,
       9, 4, 6, 5, 8, 9, 4, 8, 9, 5, 1, 6, 3, 4, 1, 2, 2, 2, 5, 1, 6, 3,
       4, 3, 5, 1, 3, 3, 1, 6, 4, 7, 2, 8, 8, 7, 8, 8, 8, 3, 1, 6, 2, 3,
       1, 6, 5, 8, 1, 9, 9, 9, 6, 2, 7, 2, 5, 2, 3, 7, 7, 1, 8, 4, 3, 2,
       6, 1, 7, 9, 1, 2, 1, 4, 3, 1, 7, 4, 4, 1, 1, 7, 6, 1, 6, 6, 1, 7,
       7, 4, 4, 8, 3, 3, 9, 2, 9, 6, 7, 7, 5, 7, 7, 4, 9, 9, 2, 2, 3, 5,
       7, 4, 8, 8, 5, 9, 9, 6, 3, 9, 6, 1, 6, 6, 5, 6, 6, 2, 6, 8, 8, 8,
       8]))","(0.2386200522895176, array([8, 7, 7, 7, 1, 1, 2, 1, 9, 9, 1, 3, 7, 7, 2, 2, 2, 9, 8, 8, 4, 8,
       6, 1, 1, 5, 7, 7, 1, 1, 1, 2, 9, 4, 4, 4, 4, 2, 8, 4, 4, 1, 2, 2,
       1, 4, 4, 4, 2, 4, 8, 1, 4, 4, 2, 5, 2, 5, 8, 5, 7, 8, 3, 9, 6, 9,
       9, 5, 5, 4, 9, 9, 5, 6, 3, 3, 6, 3, 1, 4, 9, 3, 3, 2, 5, 4, 7, 7,
       9, 4, 9, 2, 7, 7, 7, 5, 2, 2, 7, 7, 9, 9, 1, 8, 8, 7, 6, 6, 6, 6,
       7, 8, 1, 3, 2, 2, 2, 1, 1, 7, 3, 3, 7, 3, 4, 4, 8, 5, 5, 5, 9, 9,
       9, 5, 4, 2, 4, 2, 3, 7, 7, 9, 6, 8, 4, 6, 5, 5, 8, 7, 5, 2, 6, 3,
       3, 5, 7, 9, 3, 8, 8, 7, 6, 6, 6, 4, 9, 5, 5, 6, 1, 5, 1, 1, 1, 7,
       7]))","(0.30497946582669266, array([7, 7, 9, 7, 3, 3, 5, 7, 7, 9, 5, 7, 3, 3, 5, 7, 5, 1, 7, 7, 4, 2,
       2, 5, 5, 5, 7, 7, 2, 2, 2, 5, 8, 9, 3, 9, 9, 8, 6, 3, 3, 8, 5, 4,
       5, 3, 3, 3, 3, 3, 7, 2, 3, 4, 5, 1, 1, 3, 7, 3, 3, 3, 3, 8, 8, 8,
       8, 8, 8, 8, 8, 8, 5, 9, 9, 9, 9, 2, 6, 7, 1, 1, 7, 1, 7, 3, 7, 7,
       4, 4, 7, 5, 3, 1, 3, 3, 5, 5, 7, 7, 7, 1, 8, 7, 6, 2, 6, 6, 6, 6,
       4, 3, 2, 3, 8, 8, 2, 1, 1, 5, 5, 5, 5, 5, 1, 1, 3, 7, 7, 7, 8, 4,
       8, 8, 7, 3, 2, 1, 9, 4, 2, 7, 8, 8, 7, 7, 8, 8, 7, 6, 2, 1, 7, 9,
       9, 9, 6, 6, 9, 6, 6, 4, 4, 4, 2, 4, 4, 7, 7, 7, 7, 7, 7, 2, 2, 2,
       6]))","(0.208225346175973, array([6, 9, 5, 9, 1, 8, 8, 5, 5, 4, 9, 8, 2, 2, 2, 8, 8, 4, 4, 2, 6, 2,
       4, 6, 6, 4, 9, 6, 3, 3, 3, 8, 5, 2, 7, 2, 2, 1, 9, 7, 7, 8, 8, 4,
       9, 9, 9, 7, 5, 7, 6, 3, 6, 6, 8, 4, 3, 3, 6, 3, 6, 3, 5, 4, 6, 4,
       1, 7, 4, 4, 6, 7, 2, 5, 5, 6, 6, 3, 3, 8, 5, 5, 5, 3, 1, 1, 9, 9,
       1, 9, 7, 8, 9, 4, 6, 6, 8, 5, 7, 7, 2, 7, 8, 8, 9, 3, 3, 7, 7, 1,
       5, 6, 7, 5, 1, 9, 2, 7, 7, 3, 3, 3, 3, 3, 2, 9, 2, 6, 4, 4, 1, 2,
       5, 5, 6, 5, 7, 3, 2, 4, 4, 8, 2, 4, 6, 9, 6, 9, 4, 1, 4, 3, 1, 1,
       6, 1, 3, 3, 6, 5, 5, 7, 7, 7, 9, 5, 9, 8, 2, 4, 4, 4, 4, 3, 3, 3,
       3]))","(0.2533243431058151, array([9, 5, 5, 2, 6, 6, 7, 7, 7, 5, 1, 5, 2, 2, 5, 7, 7, 3, 3, 7, 1, 6,
       6, 1, 1, 1, 6, 6, 9, 9, 9, 4, 3, 7, 9, 7, 7, 2, 6, 9, 9, 5, 8, 8,
       7, 9, 9, 9, 4, 7, 4, 9, 1, 1, 7, 3, 3, 3, 9, 1, 1, 1, 4, 7, 3, 1,
       1, 1, 1, 1, 8, 1, 7, 6, 4, 4, 8, 3, 3, 8, 8, 5, 5, 3, 6, 6, 2, 2,
       4, 6, 4, 9, 8, 2, 3, 1, 7, 7, 6, 4, 4, 4, 7, 5, 6, 5, 4, 5, 4, 4,
       7, 8, 7, 6, 5, 2, 2, 4, 1, 7, 5, 7, 7, 7, 2, 7, 2, 5, 2, 2, 3, 1,
       8, 8, 8, 4, 3, 3, 6, 8, 4, 5, 8, 3, 6, 3, 5, 9, 7, 8, 1, 2, 5, 6,
       5, 6, 8, 4, 1, 8, 8, 6, 4, 1, 6, 6, 5, 3, 3, 3, 3, 3, 3, 9, 9, 8,
       8]))","(0.29727487881704945, array([9, 1, 1, 1, 2, 2, 7, 9, 9, 3, 1, 3, 7, 1, 7, 7, 7, 5, 5, 5, 3, 6,
       5, 1, 1, 1, 1, 1, 2, 2, 2, 7, 4, 6, 6, 6, 6, 4, 4, 1, 1, 3, 1, 1,
       9, 1, 1, 1, 2, 1, 2, 2, 3, 3, 7, 7, 9, 5, 9, 5, 1, 1, 1, 4, 8, 3,
       3, 3, 3, 9, 3, 3, 1, 8, 8, 8, 8, 9, 2, 4, 8, 4, 4, 8, 1, 1, 6, 6,
       5, 7, 5, 7, 7, 7, 5, 5, 7, 7, 5, 5, 9, 5, 3, 3, 4, 9, 2, 2, 2, 2,
       2, 9, 9, 8, 4, 3, 3, 2, 2, 4, 3, 4, 3, 3, 6, 9, 1, 8, 6, 6, 4, 1,
       8, 8, 4, 2, 2, 9, 8, 6, 6, 1, 8, 4, 1, 4, 3, 4, 5, 9, 1, 9, 2, 6,
       8, 8, 1, 6, 3, 9, 9, 7, 7, 7, 7, 7, 1, 5, 5, 5, 5, 5, 5, 2, 2, 2,
       1]))","(0.2994706967948463, array([6, 4, 4, 4, 9, 4, 7, 7, 7, 2, 2, 2, 1, 9, 4, 7, 7, 7, 7, 9, 6, 3,
       3, 2, 8, 1, 4, 1, 5, 5, 5, 7, 5, 6, 6, 6, 6, 8, 2, 6, 6, 8, 6, 6,
       2, 2, 9, 2, 9, 6, 6, 5, 6, 6, 7, 4, 4, 7, 6, 7, 6, 7, 9, 8, 5, 9,
       1, 1, 1, 9, 1, 1, 5, 8, 7, 8, 8, 5, 5, 4, 2, 2, 2, 4, 1, 9, 6, 6,
       3, 3, 3, 5, 1, 1, 9, 7, 4, 7, 3, 3, 3, 3, 8, 2, 2, 3, 3, 3, 8, 9,
       7, 1, 1, 9, 8, 8, 8, 8, 8, 2, 7, 7, 7, 7, 4, 4, 9, 5, 1, 5, 5, 1,
       5, 5, 4, 9, 5, 4, 9, 4, 4, 2, 5, 5, 4, 2, 8, 8, 7, 1, 8, 8, 2, 6,
       8, 7, 3, 3, 7, 1, 9, 3, 3, 3, 3, 3, 1, 5, 5, 5, 5, 5, 5, 5, 5, 5,
       3]))","(0.2582699175785054, array([8, 3, 3, 3, 8, 8, 5, 8, 5, 6, 6, 6, 3, 3, 4, 4, 4, 4, 1, 4, 2, 2,
       2, 2, 2, 5, 3, 1, 6, 6, 6, 9, 4, 9, 8, 9, 9, 1, 2, 8, 3, 6, 2, 5,
       5, 3, 3, 3, 8, 8, 4, 1, 2, 2, 4, 7, 7, 7, 8, 7, 2, 7, 8, 2, 4, 5,
       7, 5, 5, 7, 5, 7, 4, 4, 4, 4, 4, 8, 8, 6, 9, 2, 6, 7, 8, 8, 3, 3,
       9, 8, 1, 5, 3, 3, 6, 6, 4, 4, 1, 1, 1, 1, 6, 6, 2, 1, 1, 1, 1, 9,
       4, 2, 5, 9, 1, 1, 1, 1, 1, 8, 1, 1, 9, 9, 8, 8, 4, 3, 3, 3, 4, 5,
       4, 4, 5, 8, 6, 8, 8, 1, 5, 6, 9, 4, 8, 6, 7, 6, 1, 5, 4, 7, 7, 8,
       7, 4, 3, 9, 9, 9, 9, 8, 8, 8, 2, 8, 6, 2, 7, 2, 7, 2, 2, 6, 6, 6,
       3]))","(0.24857670553254996, array([2, 4, 4, 7, 7, 1, 6, 4, 4, 4, 4, 9, 3, 7, 6, 6, 6, 3, 3, 3, 1, 2,
       8, 5, 4, 6, 1, 7, 2, 1, 1, 6, 9, 9, 1, 9, 9, 9, 1, 1, 5, 5, 6, 6,
       8, 9, 9, 9, 4, 1, 5, 2, 1, 1, 6, 3, 3, 3, 1, 3, 3, 7, 4, 3, 9, 6,
       6, 6, 6, 6, 6, 6, 6, 9, 9, 9, 9, 2, 2, 9, 8, 9, 9, 3, 1, 1, 7, 5,
       7, 7, 2, 6, 3, 3, 3, 3, 6, 6, 2, 4, 4, 4, 8, 8, 1, 6, 6, 2, 8, 2,
       6, 5, 4, 4, 9, 9, 9, 5, 8, 7, 7, 8, 4, 7, 5, 5, 7, 9, 7, 9, 7, 3,
       1, 2, 2, 4, 5, 8, 4, 4, 5, 9, 1, 3, 7, 3, 2, 8, 4, 5, 1, 3, 3, 5,
       2, 9, 6, 6, 7, 5, 5, 8, 5, 5, 7, 5, 9, 3, 3, 8, 8, 8, 8, 4, 4, 5,
       6]))","(0.32428116153359804, array([4, 3, 3, 3, 4, 4, 6, 5, 5, 2, 9, 9, 1, 1, 6, 6, 6, 6, 5, 6, 5, 7,
       7, 9, 9, 8, 3, 3, 3, 3, 3, 6, 9, 6, 6, 6, 6, 9, 9, 5, 6, 9, 9, 9,
       6, 6, 6, 6, 5, 7, 4, 3, 2, 2, 6, 5, 5, 5, 7, 5, 5, 5, 5, 8, 9, 8,
       8, 8, 8, 8, 8, 8, 8, 8, 8, 8, 8, 5, 3, 9, 2, 2, 2, 5, 2, 2, 7, 7,
       7, 9, 7, 6, 4, 1, 5, 5, 3, 6, 1, 1, 1, 1, 9, 9, 9, 2, 2, 3, 3, 3,
       6, 2, 5, 9, 9, 9, 8, 3, 4, 1, 1, 1, 1, 1, 1, 1, 1, 1, 1, 1, 9, 8,
       9, 9, 9, 5, 3, 5, 9, 1, 2, 9, 9, 5, 3, 7, 8, 9, 5, 8, 4, 5, 7, 9,
       8, 8, 1, 4, 8, 8, 8, 7, 4, 9, 9, 9, 7, 7, 3, 7, 7, 7, 7, 4, 4, 3,
       8]))","(0.2675195516088425, array([6, 4, 4, 6, 9, 8, 2, 3, 3, 5, 9, 8, 7, 9, 4, 2, 2, 6, 4, 6, 7, 3,
       3, 9, 9, 9, 4, 9, 2, 2, 2, 2, 4, 7, 3, 7, 7, 7, 7, 3, 3, 8, 2, 2,
       9, 4, 4, 4, 3, 7, 8, 1, 7, 7, 2, 1, 5, 2, 6, 2, 2, 2, 3, 4, 4, 9,
       9, 3, 9, 9, 9, 9, 9, 3, 3, 5, 5, 5, 1, 4, 1, 1, 8, 5, 9, 9, 6, 6,
       1, 7, 6, 2, 7, 7, 6, 6, 7, 2, 6, 6, 6, 6, 9, 8, 2, 8, 1, 8, 1, 6,
       2, 7, 3, 6, 2, 7, 7, 8, 6, 8, 5, 5, 5, 4, 6, 6, 9, 8, 7, 8, 4, 9,
       4, 4, 4, 3, 6, 5, 6, 6, 1, 8, 7, 4, 2, 8, 1, 9, 4, 1, 3, 7, 8, 6,
       5, 5, 3, 1, 8, 1, 1, 8, 6, 7, 7, 7, 4, 3, 3, 3, 3, 3, 3, 2, 2, 6,
       3]))","(0.33678963437209863, array([5, 7, 7, 7, 6, 6, 8, 2, 1, 6, 9, 9, 7, 7, 8, 8, 4, 1, 1, 8, 7, 3,
       3, 5, 5, 5, 9, 9, 9, 9, 9, 4, 1, 2, 8, 2, 2, 2, 4, 8, 8, 9, 6, 6,
       8, 8, 8, 8, 6, 8, 5, 9, 7, 7, 8, 2, 2, 7, 5, 7, 7, 7, 6, 7, 1, 5,
       5, 5, 5, 5, 5, 5, 5, 7, 7, 7, 6, 2, 2, 6, 1, 9, 9, 2, 6, 6, 7, 7,
       2, 3, 4, 8, 7, 7, 7, 7, 8, 4, 4, 4, 4, 4, 9, 9, 4, 6, 2, 5, 5, 9,
       4, 4, 1, 6, 2, 2, 2, 5, 1, 5, 9, 5, 5, 5, 2, 2, 7, 6, 6, 6, 1, 4,
       1, 1, 6, 2, 2, 2, 4, 4, 4, 6, 1, 1, 7, 9, 9, 9, 1, 4, 4, 2, 6, 6,
       7, 7, 3, 2, 5, 4, 4, 3, 3, 3, 3, 3, 9, 3, 3, 3, 3, 3, 3, 9, 9, 6,
       3]))","(0.2847656939753134, array([4, 2, 8, 2, 9, 9, 5, 2, 3, 4, 4, 4, 6, 6, 5, 5, 5, 1, 1, 5, 6, 9,
       9, 7, 7, 9, 2, 3, 5, 5, 5, 5, 2, 6, 6, 6, 6, 1, 9, 6, 4, 4, 2, 2,
       3, 4, 4, 4, 5, 5, 8, 5, 6, 6, 5, 9, 3, 3, 4, 4, 3, 4, 8, 7, 2, 1,
       1, 9, 9, 1, 1, 1, 9, 7, 5, 7, 5, 3, 3, 7, 9, 9, 9, 3, 6, 6, 2, 8,
       9, 9, 9, 5, 6, 6, 3, 3, 5, 5, 1, 1, 1, 8, 4, 4, 9, 2, 2, 2, 2, 2,
       5, 6, 3, 5, 1, 8, 1, 6, 6, 3, 3, 3, 3, 4, 9, 9, 4, 8, 6, 6, 2, 9,
       2, 2, 7, 5, 7, 3, 5, 7, 7, 7, 7, 2, 1, 7, 7, 4, 1, 6, 1, 3, 7, 5,
       7, 7, 4, 6, 4, 7, 8, 9, 1, 1, 1, 9, 8, 8, 8, 9, 8, 8, 8, 5, 5, 7,
       4]))","(0.25712501637607443, array([4, 9, 9, 8, 9, 4, 3, 8, 8, 5, 5, 1, 7, 8, 3, 3, 3, 4, 1, 1, 7, 4,
       4, 6, 6, 6, 9, 7, 2, 4, 5, 3, 1, 5, 4, 5, 5, 3, 5, 4, 2, 1, 3, 3,
       5, 2, 2, 2, 4, 5, 8, 5, 7, 2, 3, 5, 8, 8, 4, 2, 3, 2, 4, 1, 1, 6,
       6, 6, 6, 6, 6, 6, 4, 8, 8, 8, 8, 2, 2, 1, 2, 1, 5, 9, 7, 4, 2, 8,
       5, 5, 3, 3, 9, 9, 2, 2, 7, 6, 3, 4, 9, 9, 8, 7, 5, 2, 9, 2, 2, 2,
       3, 4, 8, 8, 3, 3, 7, 2, 2, 1, 7, 1, 1, 1, 3, 7, 9, 7, 5, 7, 9, 3,
       1, 1, 1, 4, 7, 2, 8, 4, 4, 1, 1, 9, 8, 1, 8, 8, 4, 4, 9, 9, 2, 8,
       8, 8, 6, 9, 2, 2, 2, 5, 4, 8, 4, 5, 2, 9, 9, 9, 9, 9, 9, 5, 5, 2,
       6]))","(0.18200653903771338, array([1, 5, 5, 5, 2, 5, 5, 6, 7, 2, 3, 2, 3, 4, 9, 6, 5, 5, 5, 5, 8, 8,
       8, 3, 3, 3, 2, 2, 2, 2, 8, 5, 7, 2, 4, 2, 2, 4, 8, 4, 4, 2, 3, 3,
       6, 6, 4, 4, 8, 2, 4, 9, 8, 8, 5, 7, 3, 4, 6, 9, 9, 9, 1, 9, 7, 7,
       9, 7, 7, 9, 7, 7, 9, 6, 8, 8, 8, 3, 1, 4, 6, 6, 4, 3, 4, 2, 6, 6,
       1, 4, 1, 7, 3, 3, 4, 4, 9, 9, 6, 1, 7, 7, 5, 5, 9, 1, 6, 9, 7, 9,
       9, 6, 1, 7, 9, 9, 6, 7, 7, 2, 2, 6, 2, 9, 4, 4, 4, 2, 1, 6, 7, 9,
       7, 3, 7, 1, 8, 3, 9, 7, 7, 5, 9, 8, 9, 4, 2, 2, 5, 5, 7, 3, 1, 7,
       8, 8, 3, 6, 4, 5, 5, 8, 8, 8, 8, 8, 9, 4, 4, 4, 4, 4, 8, 8, 8, 3,
       3]))","(0.3204826242730447, array([3, 9, 9, 9, 6, 6, 6, 6, 1, 4, 4, 4, 6, 9, 6, 6, 6, 3, 3, 6, 1, 7,
       7, 4, 4, 3, 9, 9, 2, 5, 2, 6, 7, 5, 1, 5, 5, 3, 3, 1, 4, 4, 8, 8,
       4, 9, 9, 9, 1, 1, 3, 9, 1, 1, 6, 4, 1, 1, 3, 1, 1, 1, 1, 6, 7, 4,
       3, 3, 4, 3, 3, 3, 2, 6, 6, 6, 6, 9, 9, 5, 7, 7, 4, 1, 8, 1, 9, 9,
       8, 7, 8, 6, 6, 6, 1, 8, 6, 6, 8, 8, 8, 8, 4, 2, 2, 1, 2, 2, 2, 2,
       6, 1, 4, 1, 9, 9, 9, 5, 5, 8, 8, 8, 8, 8, 2, 5, 4, 5, 5, 5, 7, 3,
       7, 7, 5, 1, 6, 9, 2, 3, 5, 8, 7, 3, 9, 4, 6, 4, 4, 2, 8, 1, 9, 9,
       6, 6, 7, 5, 8, 2, 2, 7, 7, 7, 7, 7, 9, 8, 8, 8, 8, 8, 8, 2, 2, 5,
       7]))","(0.25244003508751944, array([7, 1, 2, 1, 1, 1, 4, 8, 8, 8, 8, 7, 7, 7, 4, 4, 4, 6, 6, 6, 8, 3,
       6, 8, 8, 4, 5, 5, 4, 2, 4, 4, 5, 1, 1, 4, 4, 5, 9, 1, 1, 7, 4, 9,
       8, 9, 1, 9, 9, 1, 7, 4, 8, 8, 3, 9, 9, 8, 2, 8, 8, 8, 1, 6, 5, 4,
       4, 4, 4, 4, 4, 2, 4, 5, 5, 5, 2, 4, 4, 7, 7, 7, 7, 9, 3, 1, 1, 2,
       3, 3, 3, 4, 1, 1, 8, 8, 9, 4, 3, 3, 3, 7, 7, 8, 2, 1, 1, 9, 9, 5,
       4, 8, 8, 7, 3, 3, 3, 3, 3, 2, 1, 1, 1, 1, 1, 1, 7, 6, 7, 9, 7, 4,
       5, 5, 3, 9, 4, 2, 7, 8, 8, 7, 3, 9, 1, 7, 5, 7, 1, 6, 6, 2, 9, 7,
       5, 7, 8, 1, 2, 6, 6, 3, 2, 3, 2, 6, 6, 3, 6, 7, 6, 6, 6, 8, 8, 5,
       8]))","(0.27987138373556764, array([8, 5, 1, 1, 3, 3, 1, 4, 4, 3, 9, 9, 7, 7, 1, 5, 1, 6, 6, 6, 5, 5,
       5, 6, 4, 4, 5, 5, 8, 3, 8, 9, 6, 2, 2, 2, 2, 5, 5, 7, 2, 7, 4, 4,
       9, 2, 2, 2, 8, 9, 8, 8, 5, 5, 5, 1, 6, 4, 8, 4, 5, 4, 7, 5, 6, 4,
       4, 8, 4, 4, 4, 4, 4, 1, 1, 1, 1, 8, 8, 7, 8, 8, 8, 6, 7, 7, 1, 1,
       5, 5, 9, 1, 7, 1, 5, 4, 1, 5, 3, 9, 9, 9, 9, 9, 7, 9, 2, 3, 3, 3,
       3, 7, 8, 8, 7, 1, 5, 3, 5, 6, 6, 6, 6, 6, 4, 4, 1, 2, 2, 2, 6, 4,
       6, 6, 9, 8, 5, 8, 8, 9, 9, 1, 6, 6, 8, 8, 9, 9, 6, 2, 5, 6, 7, 8,
       7, 3, 2, 2, 6, 2, 2, 8, 5, 5, 5, 5, 5, 4, 4, 7, 4, 4, 4, 8, 8, 5,
       2]))","(0.3328600885162422, array([5, 1, 3, 1, 1, 1, 1, 7, 7, 9, 9, 9, 4, 4, 1, 3, 1, 5, 5, 5, 2, 8,
       8, 8, 8, 8, 1, 1, 3, 3, 3, 1, 5, 9, 9, 4, 4, 4, 4, 9, 9, 5, 1, 1,
       9, 1, 1, 1, 2, 3, 5, 3, 2, 2, 1, 6, 6, 2, 5, 2, 2, 2, 2, 6, 5, 7,
       8, 8, 8, 8, 8, 8, 6, 7, 7, 7, 7, 6, 3, 8, 4, 9, 4, 6, 1, 1, 1, 1,
       8, 8, 4, 1, 5, 4, 2, 2, 1, 3, 4, 3, 3, 4, 5, 9, 4, 7, 7, 6, 6, 6,
       3, 8, 7, 2, 4, 4, 4, 6, 6, 6, 6, 6, 6, 6, 9, 9, 1, 9, 9, 9, 5, 8,
       5, 5, 8, 2, 3, 6, 8, 3, 3, 6, 5, 5, 1, 9, 7, 5, 5, 8, 3, 7, 7, 8,
       7, 7, 2, 2, 6, 4, 8, 8, 8, 8, 8, 8, 1, 6, 6, 6, 6, 6, 6, 3, 3, 3,
       3]))","(0.2892278182512062, array([8, 9, 3, 3, 3, 3, 1, 4, 1, 9, 6, 6, 1, 1, 1, 5, 1, 5, 3, 5, 4, 9,
       9, 6, 6, 1, 9, 9, 5, 6, 5, 1, 3, 7, 7, 7, 7, 7, 7, 7, 6, 6, 5, 1,
       6, 6, 6, 6, 8, 1, 8, 2, 4, 4, 1, 1, 2, 8, 2, 8, 8, 5, 8, 9, 3, 1,
       1, 1, 1, 1, 1, 1, 2, 2, 5, 2, 5, 9, 9, 2, 8, 3, 3, 2, 3, 3, 3, 3,
       6, 6, 6, 1, 1, 1, 8, 8, 1, 5, 9, 9, 9, 9, 6, 6, 7, 1, 1, 9, 5, 5,
       1, 4, 1, 8, 7, 7, 7, 2, 5, 4, 2, 4, 4, 4, 7, 7, 1, 2, 2, 2, 2, 9,
       3, 3, 2, 8, 5, 9, 8, 7, 7, 6, 3, 3, 9, 3, 2, 9, 3, 4, 9, 5, 3, 8,
       2, 8, 7, 1, 9, 4, 4, 6, 6, 6, 6, 6, 2, 4, 4, 4, 4, 4, 4, 5, 2, 6,
       7]))","(0.15442709371671381, array([6, 3, 7, 7, 7, 1, 3, 8, 8, 5, 8, 1, 2, 1, 3, 5, 3, 3, 4, 4, 8, 9,
       3, 8, 9, 6, 3, 3, 8, 6, 8, 2, 8, 2, 2, 1, 1, 5, 4, 9, 9, 1, 9, 1,
       8, 1, 5, 1, 5, 3, 4, 8, 2, 8, 5, 8, 8, 8, 6, 8, 9, 6, 9, 8, 1, 6,
       6, 6, 6, 6, 6, 6, 1, 6, 6, 6, 6, 2, 8, 1, 1, 7, 7, 4, 4, 2, 7, 7,
       4, 7, 4, 8, 9, 1, 9, 8, 9, 3, 8, 1, 4, 7, 4, 9, 5, 4, 7, 7, 7, 3,
       1, 2, 3, 8, 5, 5, 2, 7, 4, 5, 1, 5, 1, 9, 8, 2, 9, 3, 1, 1, 8, 3,
       5, 5, 3, 3, 5, 7, 8, 1, 5, 3, 5, 1, 7, 8, 9, 4, 2, 1, 1, 8, 8, 8,
       9, 6, 6, 7, 4, 2, 9, 7, 8, 7, 8, 2, 7, 4, 9, 4, 3, 4, 4, 6, 6, 6,
       6]))","(0.3411478061756313, array([4, 3, 3, 3, 7, 7, 3, 7, 7, 4, 9, 9, 4, 4, 6, 3, 3, 4, 8, 3, 5, 2,
       2, 2, 2, 7, 3, 3, 3, 3, 3, 3, 8, 1, 1, 1, 1, 8, 8, 1, 2, 9, 3, 3,
       9, 2, 2, 2, 5, 6, 3, 6, 5, 5, 6, 6, 6, 5, 4, 5, 5, 5, 1, 8, 8, 7,
       7, 7, 7, 7, 7, 7, 7, 7, 7, 7, 7, 6, 3, 8, 9, 9, 9, 6, 7, 7, 3, 1,
       2, 2, 7, 3, 4, 3, 5, 5, 3, 3, 7, 7, 7, 7, 9, 9, 8, 9, 9, 9, 9, 9,
       1, 2, 7, 5, 8, 8, 8, 2, 2, 9, 9, 9, 9, 9, 4, 8, 4, 6, 6, 6, 4, 7,
       8, 8, 8, 5, 2, 6, 5, 7, 7, 9, 4, 8, 3, 9, 1, 9, 8, 2, 7, 6, 9, 5,
       1, 4, 5, 4, 6, 6, 6, 2, 2, 2, 2, 2, 4, 1, 1, 1, 8, 8, 1, 3, 3, 2,
       2]))","(0.2660841530863916, array([7, 5, 5, 8, 3, 3, 8, 2, 6, 3, 3, 3, 2, 9, 5, 5, 8, 1, 1, 5, 2, 6,
       6, 5, 5, 7, 8, 9, 3, 3, 3, 8, 4, 5, 4, 5, 5, 1, 9, 4, 4, 3, 9, 9,
       8, 4, 5, 4, 5, 4, 7, 3, 2, 2, 8, 2, 2, 7, 5, 7, 7, 7, 4, 5, 4, 7,
       1, 7, 7, 9, 1, 2, 7, 3, 3, 3, 3, 2, 2, 9, 9, 9, 9, 2, 3, 3, 2, 1,
       8, 6, 8, 8, 2, 2, 7, 7, 2, 8, 1, 1, 1, 9, 3, 3, 4, 9, 6, 5, 5, 5,
       8, 2, 6, 1, 4, 4, 4, 9, 9, 4, 4, 4, 6, 4, 4, 9, 9, 2, 2, 4, 4, 1,
       9, 1, 9, 5, 8, 2, 1, 4, 4, 9, 9, 9, 7, 9, 3, 3, 1, 2, 1, 9, 3, 1,
       3, 3, 6, 6, 4, 2, 2, 6, 6, 6, 6, 6, 1, 7, 7, 7, 7, 6, 7, 3, 3, 6,
       6]))","(0.28785436401023007, array([2, 7, 8, 7, 8, 8, 6, 3, 3, 5, 5, 9, 9, 9, 6, 6, 6, 6, 1, 6, 2, 3,
       3, 7, 7, 9, 7, 6, 9, 9, 4, 6, 1, 7, 7, 7, 7, 9, 3, 7, 7, 4, 8, 8,
       5, 6, 6, 6, 3, 7, 8, 4, 2, 2, 6, 7, 7, 5, 2, 5, 2, 8, 8, 1, 1, 4,
       3, 4, 4, 9, 4, 4, 9, 1, 1, 8, 8, 7, 7, 3, 9, 9, 9, 7, 6, 8, 7, 8,
       1, 1, 1, 6, 8, 9, 5, 5, 6, 6, 9, 9, 9, 9, 5, 5, 3, 1, 2, 8, 8, 7,
       6, 2, 3, 3, 9, 9, 9, 8, 8, 9, 9, 9, 8, 9, 4, 7, 9, 1, 1, 1, 1, 6,
       1, 1, 3, 3, 1, 7, 3, 4, 4, 9, 1, 1, 7, 9, 4, 5, 7, 5, 9, 7, 5, 8,
       4, 1, 2, 2, 1, 5, 5, 1, 1, 1, 1, 1, 3, 5, 3, 3, 8, 3, 3, 4, 4, 9,
       6]))","(0.26160850074902736, array([1, 8, 1, 1, 9, 9, 2, 9, 9, 9, 3, 2, 9, 2, 9, 2, 2, 2, 8, 2, 5, 6,
       6, 3, 7, 7, 8, 8, 2, 2, 2, 7, 5, 7, 5, 3, 3, 5, 8, 5, 5, 2, 1, 1,
       3, 5, 1, 5, 1, 5, 1, 1, 5, 5, 9, 8, 4, 5, 3, 3, 5, 5, 5, 5, 5, 4,
       7, 4, 7, 7, 7, 7, 7, 7, 7, 7, 7, 7, 1, 7, 2, 2, 2, 4, 9, 9, 8, 9,
       1, 6, 1, 2, 9, 9, 9, 3, 9, 3, 8, 8, 8, 8, 9, 9, 8, 9, 4, 8, 4, 8,
       3, 3, 9, 2, 5, 5, 5, 4, 4, 2, 8, 2, 2, 8, 7, 7, 2, 4, 4, 4, 6, 7,
       5, 5, 7, 1, 6, 8, 2, 3, 3, 2, 5, 8, 3, 2, 2, 9, 7, 3, 6, 4, 2, 1,
       2, 8, 4, 4, 1, 6, 3, 6, 6, 6, 6, 6, 6, 6, 6, 6, 6, 6, 6, 6, 6, 6,
       6]))"
